-- phpMyAdmin SQL Dump
-- version 5.0.4
-- https://www.phpmyadmin.net/
--
-- Host: 127.0.0.1
-- Generation Time: Mar 11, 2023 at 06:11 AM
-- Server version: 10.4.17-MariaDB
-- PHP Version: 7.4.15

SET SQL_MODE = "NO_AUTO_VALUE_ON_ZERO";
START TRANSACTION;
SET time_zone = "+00:00";


/*!40101 SET @OLD_CHARACTER_SET_CLIENT=@@CHARACTER_SET_CLIENT */;
/*!40101 SET @OLD_CHARACTER_SET_RESULTS=@@CHARACTER_SET_RESULTS */;
/*!40101 SET @OLD_COLLATION_CONNECTION=@@COLLATION_CONNECTION */;
/*!40101 SET NAMES utf8mb4 */;

--
-- Database: `galon`
--

-- --------------------------------------------------------

--
-- Table structure for table `air_masuk`
--

CREATE TABLE `air_masuk` (
  `id_masuk` int(11) NOT NULL,
  `tanggal_masuk` varchar(200) NOT NULL,
  `jumlah_masuk` int(11) NOT NULL,
  `id_galon` int(11) NOT NULL,
  `id_supplier` int(11) NOT NULL
) ENGINE=InnoDB DEFAULT CHARSET=latin1;

--
-- Dumping data for table `air_masuk`
--

INSERT INTO `air_masuk` (`id_masuk`, `tanggal_masuk`, `jumlah_masuk`, `id_galon`, `id_supplier`) VALUES
(1, '2019-11-25', 50, 2, 0),
(2, '2020-02-06', 100, 2, 0),
(3, '2023-01-09', 122, 2, 0),
(4, '2023-01-09', 1000, 6, 0),
(5, '2023-01-09', 2000, 2, 0);

-- --------------------------------------------------------

--
-- Table structure for table `galon`
--

CREATE TABLE `galon` (
  `id_galon` int(11) NOT NULL,
  `jenis` varchar(200) NOT NULL,
  `harga` int(11) NOT NULL
) ENGINE=InnoDB DEFAULT CHARSET=latin1;

--
-- Dumping data for table `galon`
--

INSERT INTO `galon` (`id_galon`, `jenis`, `harga`) VALUES
(2, 'Air Mineral', 6000),
(6, 'Air + Galon', 70000),
(8, 'Galon Kosong', 60000);

-- --------------------------------------------------------

--
-- Table structure for table `galon_masuk`
--

CREATE TABLE `galon_masuk` (
  `id_masuk` int(11) NOT NULL,
  `tanggal_masuk` varchar(200) NOT NULL,
  `jumlah_masuk` int(11) NOT NULL,
  `jenis` varchar(11) NOT NULL,
  `id_supplier` int(11) NOT NULL
) ENGINE=InnoDB DEFAULT CHARSET=latin1;

--
-- Dumping data for table `galon_masuk`
--

INSERT INTO `galon_masuk` (`id_masuk`, `tanggal_masuk`, `jumlah_masuk`, `jenis`, `id_supplier`) VALUES
(11, '2023-01-01', 8000, 'Air', 0),
(12, '2023-01-01', 8000, 'Air', 0),
(13, '2023-01-01', 200, 'Galon', 0),
(14, '2023-01-01', 100, 'Galon', 3),
(16, '2023-01-11', 6500, 'Air', 1),
(17, '2023-01-12', 6500, 'Air', 1),
(18, '2023-01-13', 3340, 'Air', 4),
(19, '2023-01-11', 1596, 'Air', 1),
(20, '2023-01-12', 8000, 'Air', 1),
(21, '2023-01-13', 8000, 'Air', 1),
(22, '2023-01-14', 8000, 'Air', 1),
(23, '2023-01-15', 8000, 'Air', 1),
(24, '2023-01-16', 8000, 'Air', 1),
(25, '2023-01-17', 8000, 'Air', 1),
(26, '2023-01-18', 8000, 'Air', 1),
(27, '2023-01-19', 8000, 'Air', 1),
(28, '2023-01-20', 8000, 'Air', 1),
(29, '2023-01-21', 8000, 'Air', 1),
(30, '2023-01-22', 8000, 'Air', 1),
(31, '2023-01-23', 8000, 'Air', 1),
(32, '2023-01-24', 8000, 'Air', 1),
(33, '2023-01-25', 8000, 'Air', 1),
(34, '2023-01-26', 8000, 'Air', 1),
(35, '2023-01-27', 8000, 'Air', 1),
(36, '2023-01-28', 8000, 'Air', 1),
(37, '2023-01-29', 8000, 'Air', 1),
(38, '2023-01-30', 8000, 'Air', 1),
(39, '2023-01-31', 8000, 'Air', 1),
(42, '2023-02-02', 8000, 'Air', 1),
(43, '2023-02-03', 8000, 'Air', 1),
(44, '2023-02-04', 8000, 'Air', 1),
(45, '2023-02-05', 8000, 'Air', 1),
(46, '2023-02-06', 8000, 'Air', 1),
(47, '2023-02-07', 8000, 'Air', 1),
(48, '2023-02-08', 8000, 'Air', 1);

-- --------------------------------------------------------

--
-- Table structure for table `konsumen`
--

CREATE TABLE `konsumen` (
  `id` int(11) NOT NULL,
  `telp` varchar(20) NOT NULL,
  `nama_konsumen` varchar(200) NOT NULL,
  `tgl_masuk` varchar(100) NOT NULL,
  `keterangan` text NOT NULL
) ENGINE=InnoDB DEFAULT CHARSET=latin1;

--
-- Dumping data for table `konsumen`
--

INSERT INTO `konsumen` (`id`, `telp`, `nama_konsumen`, `tgl_masuk`, `keterangan`) VALUES
(9, '082312501520', 'Faradhila', '2023-01-01', '-'),
(10, '085254437227', 'Afdin akit', '2023-01-01', '-'),
(11, '081240220062', 'Rima', '2023-01-01', '-'),
(12, '082197208427', 'Rahmati Maatita', '2023-01-01', '-'),
(13, '082199306533', 'Indah Ialuhun', '2023-01-01', '-'),
(14, '085297255078', 'Brendy', '2023-01-02', '-'),
(15, '081344387110', 'Ode Siti Almaratun', '2023-01-02', '-'),
(16, '081243567843', 'aco', '2023-01-02', '-'),
(17, '082193098017', 'Wismal Wati Makatita', '2023-01-02', '-'),
(18, '082236752687', 'Abi maulana', '2023-01-03', '-'),
(19, '081347642374', 'Rio Samloy ', '2023-01-03', '-'),
(20, '082398946926', 'Andi hikma', '2022-12-01', '-'),
(21, '085341473862', 'Karuka Kalay', '2022-12-02', '-'),
(22, '082239499987', 'Mudrika Makatita ', '2022-12-03', '-'),
(23, '081918224355', 'Aditya ', '2022-12-04', '-'),
(24, '082210792594', 'Wely fadirsair', '2022-12-06', '-'),
(25, '082244385387', 'Sri Rahayu Burhan ', '2023-01-03', '-'),
(26, '081248906101', 'Niati Tomia', '2022-11-10', '-'),
(27, '085243570305', 'Abd jaliil sangadji', '2022-11-16', '-'),
(28, '082249418425', 'Jumaida nur majid ', '2022-10-19', '-'),
(29, '082260104916', 'Wa mala', '2023-01-10', '-'),
(30, '085248706076', 'Wa rini ', '2023-01-09', '-'),
(31, '082398955941', 'Nazwar', '2023-01-09', '-'),
(32, '082213455114', 'ISMIARTI ', '2023-01-07', '-'),
(33, '085243280602', 'Rasmi salwa', '2023-01-07', '-'),
(34, '082147971537', 'Nurda Wati Tunny', '2022-12-12', '-'),
(35, '082238555008', 'Meylisa Sopacua ', '2023-01-05', '-'),
(36, '085244432117', 'Arhul', '2023-01-10', '-'),
(37, '085340299402', 'Yusran ', '2023-01-05', '-'),
(38, '081248010962', 'Wahyu', '2023-01-06', '-'),
(39, '085213369082', 'Wa ode sitti Nurfadhilah ', '2023-01-07', '-'),
(40, '081524152315', 'Theresye Stefanus ', '2023-01-07', '-'),
(41, '085696757067', 'Ika Takarbessy', '2023-01-10', '-'),
(42, '085236145322', 'Indrawati lulang', '2023-01-12', '-'),
(43, '081357402299', 'Lulu', '2023-01-11', '-'),
(44, '085282620964', 'Sahyuni Ollong', '2023-01-11', '-'),
(45, '082248370494', 'Cindy Tomasila', '2023-01-11', '-'),
(46, '082199884419', 'Sri Hartati kilbaren ', '2023-01-11', '-'),
(47, '081248870078', 'Nandrilayn', '2023-01-12', '-'),
(48, '081244419043', 'Rifka', '2023-01-12', '-'),
(49, '081240587517', 'Sumarni abd rahman', '2023-01-12', '-'),
(50, '081343285471', 'Fajria Sindayani ', '2023-01-12', '-'),
(51, '081242762161', 'srianti', '2023-01-12', '-'),
(52, '082197553887', 'July samallo', '2023-01-11', '-'),
(53, '082261157695', 'Safrudin A. Rahman', '2023-01-11', '-'),
(54, '082225175296', 'Wa Rindi ', '2023-01-06', '-'),
(55, '081342578934', 'Ulfa Salaputa ', '2023-01-05', '-'),
(56, '082248109628', 'Cecilia ', '2023-01-03', '-'),
(57, '081525736268', 'Adam souwakil ', '2023-01-07', '-'),
(58, '085212621472', 'Nedya Salaputa ', '2023-01-08', '-'),
(59, '085212631323', 'Abdul Rama Makatita', '2023-01-08', '-'),
(60, '085796927289', 'Idris', '2023-01-08', '-'),
(61, '085240783744', 'Nurardillah', '2023-01-04', '-'),
(62, '082198224847', 'Rahmat ', '2022-12-18', '-'),
(63, '081247645772', 'Salmia ', '2022-12-12', '-'),
(64, '081247812330', 'Noviyan Kuhuwael', '2022-12-13', '-'),
(65, '081327862155', 'Siti Ramla Lohy', '2023-01-14', '-'),
(66, '081244929890', 'Zalfa', '2022-12-11', '-'),
(67, '081344085073', 'siti fatima', '2022-12-10', '-'),
(68, '085242863618', 'Saputra', '2022-12-09', '-'),
(69, '081224652762', 'Dinda nurjanah', '2022-12-05', '-'),
(70, '08134424875', 'Ode Ansar Wahyudi ', '2022-12-06', '-'),
(71, '082195149392', 'Zein', '2022-12-04', '-'),
(72, '081343833822', 'Rizaldi La Ali', '2022-12-10', '-'),
(73, '082199204546', 'Nur wally', '2022-12-08', '-'),
(74, '081353425578', 'Nana ', '2022-12-12', '-'),
(75, '08124006568', 'Wa Ode Arni Kaimudin', '2022-12-14', '-'),
(76, '081343393286', 'Wia karni ', '2022-12-14', '-'),
(77, '082292540589', 'Abdul', '2022-12-15', '-'),
(78, '082288648722', 'Azhar ', '2022-12-15', '-'),
(79, '081344377785', 'ama', '2022-12-16', '-'),
(80, '081248549464', 'Pitri Yani Nahumarury', '2022-12-15', '-'),
(81, '081247346001', 'Syakila Pawae ', '2022-12-15', '-'),
(82, '081344720342', 'Hadija Wasahua', '2022-12-16', '-'),
(83, '081240057010', 'Suwardi La Masu', '2022-12-16', '-'),
(84, '081238557159', 'Canda rasit', '2022-12-17', '-'),
(85, '08219886145@', 'Fahrum Burhan ', '2022-12-17', '-'),
(86, '081248228804', 'Putri', '2022-12-18', '-'),
(87, '085157244201', 'Nurul ', '2022-12-19', '-'),
(88, '081240513906', 'Amir hidayat Manaban ', '2022-12-20', '-'),
(89, '081290550793', 'Ical', '2022-12-21', '-'),
(90, '082213324590', 'Reza', '2022-12-21', '-'),
(91, '085230345632', 'Yudi', '2022-12-22', '-'),
(92, '0852556657', 'Farid', '2022-12-22', '-'),
(93, '082199008485', 'faisal', '2022-12-22', '-'),
(94, '081393152286', 'Abai', '2022-12-23', '-'),
(95, '081240983832', 'Baka Yusuf', '2022-12-23', '-'),
(96, '081247568610', 'Ewin', '2022-12-25', '-'),
(97, '081350616697', 'Ardi', '2022-12-25', '-'),
(98, '08219031137', 'Fadli', '2022-12-26', '-'),
(99, '082178256495', 'Ismet', '2022-12-27', '-'),
(100, '082260109205', 'Faruq', '2022-12-28', '-'),
(101, '082260735433', 'Taken', '2022-12-28', '-'),
(102, '082248822023', 'Wahyu', '2022-12-28', '-'),
(103, '082198861451', 'Ian', '2022-12-29', '-'),
(104, '081228814318', 'Dino', '2022-12-29', '-'),
(105, '081343409999', 'Ais', '2022-12-29', '-'),
(106, '081248909884', 'Syuaib', '2022-12-29', '-'),
(107, '082210278758', 'Andre', '2022-12-30', '-'),
(108, '082195187294', 'Schivo', '2022-12-30', '-'),
(109, '082199004400', 'Arul', '2022-12-30', '-'),
(110, '081247240966', 'Man', '2022-12-30', '-'),
(111, '085397467249', 'Akmal', '2022-12-31', '-'),
(112, '081343237278', 'Dirman', '2022-12-31', '-'),
(113, '082239074923', 'Afrian', '2022-12-31', '-'),
(114, '081380301659', 'Rafli', '2022-12-31', '-'),
(115, '081284944788', 'Mais Latuamury', '2022-12-31', '-'),
(116, '082120444036', 'Nasrun Ratuali', '2022-12-31', '-'),
(117, '082197721553', 'Clodio Thenu', '2023-01-01', '-'),
(118, '085243386364', 'Elton Pelatta', '2023-01-01', '-'),
(119, '082291127459', 'Mynovanti', '2023-01-20', '-'),
(120, '082349543084', 'Ulla Deswita', '2023-01-20', '-'),
(121, '082110762854', 'Desi Yamin', '2023-01-20', '-'),
(122, '081247406231', 'Sartika Husaini', '2023-01-20', '-'),
(123, '082268020968', 'Melani', '2023-01-22', '-'),
(124, '081247144400', 'Soleman', '2023-02-01', '-');

-- --------------------------------------------------------

--
-- Table structure for table `pengeluaran`
--

CREATE TABLE `pengeluaran` (
  `id_pengeluaran` int(11) NOT NULL,
  `jenis` varchar(200) NOT NULL,
  `tanggal` varchar(200) NOT NULL,
  `total` int(11) NOT NULL,
  `keterangan` text NOT NULL,
  `id_user` int(11) NOT NULL
) ENGINE=InnoDB DEFAULT CHARSET=latin1;

--
-- Dumping data for table `pengeluaran`
--

INSERT INTO `pengeluaran` (`id_pengeluaran`, `jenis`, `tanggal`, `total`, `keterangan`, `id_user`) VALUES
(9, 'Pembelian Air Waiseri', '2023-01-10', 175000, '-', 1),
(10, 'Uang Pulang Karyawan', '2023-01-10', 100000, '-', 1),
(11, 'Keperluan Dalam Rumah', '2023-01-10', 60000, '-', 1),
(12, 'Lain-Lain', '2023-01-10', 50000, '-', 1),
(13, 'Pembelian Air Waiseri', '2023-01-11', 175000, '-', 1),
(14, 'Uang Pulang Karyawan', '2023-01-11', 100000, '-', 1),
(15, 'Keperluan Dalam Rumah', '2023-01-11', 60000, '-', 1),
(16, 'Lain-Lain', '2023-01-11', 50000, '-', 1),
(17, 'Pembelian Air Waiseri', '2023-01-12', 175000, '-', 1),
(18, 'Uang Pulang Karyawan', '2023-01-12', 100000, '-', 1),
(19, 'Keperluan Dalam Rumah', '2023-01-12', 60000, '-', 1),
(20, 'Lain-Lain', '2023-01-12', 50000, '-', 1),
(21, 'Pembelian Air Waiseri', '2023-01-13', 175000, '-', 1),
(22, 'Uang Pulang Karyawan', '2023-01-13', 100000, '-', 1),
(23, 'Keperluan Dalam Rumah', '2023-01-13', 60000, '-', 1),
(24, 'Lain-Lain', '2023-01-13', 50000, '-', 1),
(25, 'Pembelian Air Waiseri', '2023-01-14', 175000, '-', 1),
(26, 'Uang Pulang Karyawan', '2023-01-14', 100000, '-', 1),
(27, 'Keperluan Dalam Rumah', '2023-01-14', 60000, '-', 1),
(28, 'Lain-Lain', '2023-01-14', 50000, '-', 1),
(29, 'Pembelian Air Waiseri', '2023-01-15', 175000, '-', 1),
(30, 'Uang Pulang Karyawan', '2023-01-15', 100000, '-', 1),
(31, 'Keperluan Dalam Rumah', '2023-01-15', 60000, '-', 1),
(32, 'Lain-Lain', '2023-01-15', 50000, '-', 1),
(33, 'Pembelian Air Waiseri', '2023-01-16', 175000, '-', 1),
(34, 'Uang Pulang Karyawan', '2023-01-16', 100000, '-', 1),
(35, 'Keperluan Dalam Rumah', '2023-01-16', 60000, '-', 1),
(36, 'Lain-Lain', '2023-01-16', 50000, '-', 1),
(37, 'Pembelian Air Waiseri', '2023-01-17', 175000, '-', 1),
(38, 'Uang Pulang Karyawan', '2023-01-17', 100000, '-', 1),
(39, 'Keperluan Dalam Rumah', '2023-01-17', 60000, '-', 1),
(40, 'Lain-Lain', '2023-01-17', 50000, '-', 1),
(41, 'Pembelian Air Waiseri', '2023-01-18', 175000, '-', 1),
(42, 'Uang Pulang Karyawan', '2023-01-18', 100000, '-', 1),
(43, 'Keperluan Dalam Rumah', '2023-01-18', 60000, '-', 1),
(44, 'Lain-Lain', '2023-01-18', 50000, '-', 1),
(45, 'Pembelian Air Waiseri', '2023-01-19', 175000, '-', 1),
(46, 'Uang Pulang Karyawan', '2023-01-19', 100000, '-', 1),
(47, 'Keperluan Dalam Rumah', '2023-01-19', 60000, '-', 1),
(48, 'Lain-Lain', '2023-01-19', 50000, '-', 1),
(49, 'Pembelian Air Waiseri', '2023-01-20', 175000, '-', 1),
(50, 'Uang Pulang Karyawan', '2023-01-20', 100000, '-', 1),
(51, 'Keperluan Dalam Rumah', '2023-01-20', 60000, '-', 1),
(52, 'Lain-Lain', '2023-01-20', 50000, '-', 1),
(53, 'Pembelian Air Waiseri', '2023-01-21', 175000, '-', 1),
(54, 'Uang Pulang Karyawan', '2023-01-21', 100000, '-', 1),
(55, 'Keperluan Dalam Rumah', '2023-01-21', 60000, '-', 1),
(56, 'Lain-Lain', '2023-01-21', 50000, '-', 1),
(57, 'Pembelian Air Waiseri', '2023-01-22', 175000, '-', 1),
(58, 'Uang Pulang Karyawan', '2023-01-22', 100000, '-', 1),
(59, 'Keperluan Dalam Rumah', '2023-01-22', 60000, '-', 1),
(60, 'Lain-Lain', '2023-01-22', 50000, '-', 1),
(61, 'Pembelian Air Waiseri', '2023-01-23', 175000, '-', 1),
(62, 'Uang Pulang Karyawan', '2023-01-23', 100000, '-', 1),
(63, 'Keperluan Dalam Rumah', '2023-01-23', 60000, '-', 1),
(64, 'Lain-Lain', '2023-01-23', 50000, '-', 1),
(65, 'Pembelian Air Waiseri', '2023-01-24', 175000, '-', 1),
(66, 'Uang Pulang Karyawan', '2023-01-24', 100000, '-', 1),
(67, 'Keperluan Dalam Rumah', '2023-01-24', 60000, '-', 1),
(68, 'Lain-Lain', '2023-01-24', 50000, '-', 1),
(69, 'Pembelian Air Waiseri', '2023-01-25', 175000, '-', 1),
(70, 'Uang Pulang Karyawan', '2023-01-25', 100000, '-', 1),
(71, 'Keperluan Dalam Rumah', '2023-01-25', 60000, '-', 1),
(72, 'Lain-Lain', '2023-01-25', 50000, '-', 1),
(73, 'Pembelian Air Waiseri', '2023-01-26', 175000, '-', 1),
(74, 'Uang Pulang Karyawan', '2023-01-26', 100000, '-', 1),
(75, 'Keperluan Dalam Rumah', '2023-01-26', 60000, '-', 1),
(76, 'Lain-Lain', '2023-01-26', 50000, '-', 1),
(77, 'Pembelian Air Waiseri', '2023-01-27', 175000, '-', 1),
(78, 'Uang Pulang Karyawan', '2023-01-27', 100000, '-', 1),
(79, 'Keperluan Dalam Rumah', '2023-01-27', 60000, '-', 1),
(80, 'Lain-Lain', '2023-01-27', 50000, '-', 1),
(81, 'Pembelian Air Waiseri', '2023-01-28', 175000, '-', 1),
(82, 'Uang Pulang Karyawan', '2023-01-28', 100000, '-', 1),
(83, 'Keperluan Dalam Rumah', '2023-01-28', 60000, '-', 1),
(84, 'Lain-Lain', '2023-01-28', 50000, '-', 1),
(85, 'Pembelian Air Waiseri', '2023-01-29', 175000, '-', 1),
(86, 'Uang Pulang Karyawan', '2023-01-29', 100000, '-', 1),
(87, 'Keperluan Dalam Rumah', '2023-01-29', 60000, '-', 1),
(88, 'Lain-Lain', '2023-01-29', 50000, '-', 1),
(89, 'Pembelian Air Waiseri', '2023-01-30', 175000, '-', 1),
(91, 'Uang Pulang Karyawan', '2023-01-30', 100000, '-', 1),
(92, 'Keperluan Dalam Rumah', '2023-01-30', 60000, '-', 1),
(93, 'Lain-Lain', '2023-01-30', 50000, '-', 1),
(94, 'Pembelian Air Waiseri', '2023-01-31', 175000, '-', 1),
(95, 'Uang Pulang Karyawan', '2023-01-31', 100000, '-', 1),
(96, 'Keperluan Dalam Rumah', '2023-01-31', 60000, '-', 1),
(97, 'Lain-Lain', '2023-01-31', 50000, '-', 1),
(98, 'Pembelian Air Waiseri', '2023-02-01', 175000, '-', 1),
(99, 'Uang Pulang Karyawan', '2023-02-01', 100000, '-', 1),
(100, 'Keperluan Dalam Rumah', '2023-02-01', 60000, '-', 1),
(101, 'Lain-Lain', '2023-02-01', 50000, '-', 1),
(102, 'Pembelian Air Waiseri', '2023-02-02', 175000, '-', 1),
(103, 'Uang Pulang Karyawan', '2023-02-02', 100000, '-', 1),
(104, 'Keperluan Dalam Rumah', '2023-02-02', 60000, '-', 1),
(105, 'Lain-Lain', '2023-02-02', 50000, '-', 1),
(106, 'Pembelian Air Waiseri', '2023-02-03', 175000, '-', 1),
(107, 'Uang Pulang Karyawan', '2023-02-03', 100000, '-', 1),
(108, 'Keperluan Dalam Rumah', '2023-02-03', 60000, '-', 1),
(109, 'Lain-Lain', '2023-02-03', 50000, '-', 1),
(110, 'Pembelian Air Waiseri', '2023-02-04', 175000, '-', 1),
(111, 'Uang Pulang Karyawan', '2023-02-04', 100000, '-', 1),
(112, 'Keperluan Dalam Rumah', '2023-02-04', 60000, '-', 1),
(113, 'Lain-Lain', '2023-02-04', 50000, '-', 1),
(114, 'Pembelian Air Waiseri', '2023-02-05', 175000, '-', 1),
(115, 'Uang Pulang Karyawan', '2023-02-05', 100000, '-', 1),
(116, 'Keperluan Dalam Rumah', '2023-02-05', 60000, '-', 1),
(117, 'Lain-Lain', '2023-02-05', 50000, '-', 1),
(118, 'Pembelian Air Waiseri', '2023-02-06', 175000, '-', 1),
(119, 'Uang Pulang Karyawan', '2023-02-06', 100000, '-', 1),
(120, 'Keperluan Dalam Rumah', '2023-02-06', 60000, '-', 1),
(121, 'Lain-Lain', '2023-02-06', 50000, '-', 1),
(122, 'Pembelian Air Waiseri', '2023-02-07', 175000, '-', 1),
(123, 'Uang Pulang Karyawan', '2023-02-07', 100000, '-', 1),
(124, 'Keperluan Dalam Rumah', '2023-02-07', 60000, '-', 1),
(125, 'Lain-Lain', '2023-02-07', 50000, '-', 1),
(126, 'Pembelian Air Waiseri', '2023-02-08', 175000, '-', 1),
(127, 'Uang Pulang Karyawan', '2023-02-08', 100000, '-', 1),
(128, 'Keperluan Dalam Rumah', '2023-02-08', 60000, '-', 1),
(129, 'Lain-Lain', '2023-02-08', 50000, '-', 1),
(133, 'Gaji Pegawai', '2023-02-08', 3000000, '2 Orang Pegawai', 1);

-- --------------------------------------------------------

--
-- Table structure for table `penjualan`
--

CREATE TABLE `penjualan` (
  `id_penjualan` int(11) NOT NULL,
  `tanggal` varchar(200) NOT NULL,
  `qty` int(11) NOT NULL,
  `id_galon` int(11) NOT NULL,
  `id_user` int(11) NOT NULL,
  `id_konsumen` varchar(100) NOT NULL,
  `status` int(11) NOT NULL
) ENGINE=InnoDB DEFAULT CHARSET=latin1;

--
-- Dumping data for table `penjualan`
--

INSERT INTO `penjualan` (`id_penjualan`, `tanggal`, `qty`, `id_galon`, `id_user`, `id_konsumen`, `status`) VALUES
(1169, '2023-01-10', 2, 2, 1, '9', 1),
(1170, '2023-01-10', 3, 2, 1, '10', 1),
(1171, '2023-01-10', 3, 2, 1, '11', 1),
(1172, '2023-01-10', 2, 2, 1, '12', 1),
(1173, '2023-01-10', 3, 2, 1, '13', 1),
(1174, '2023-01-10', 4, 2, 1, '35', 1),
(1175, '2023-01-10', 3, 2, 1, '36', 1),
(1176, '2023-01-10', 3, 2, 1, '22', 1),
(1177, '2023-01-10', 2, 2, 1, '33', 1),
(1178, '2023-01-10', 5, 2, 1, '29', 1),
(1179, '2023-01-10', 2, 2, 1, '26', 1),
(1180, '2023-01-10', 2, 2, 1, '30', 1),
(1181, '2023-01-10', 2, 2, 1, '31', 1),
(1182, '2023-01-10', 4, 2, 1, '25', 1),
(1183, '2023-01-10', 3, 2, 1, '36', 1),
(1184, '2023-01-10', 1, 2, 1, '29', 1),
(1185, '2023-01-10', 5, 2, 1, '37', 1),
(1186, '2023-01-10', 3, 2, 1, '34', 1),
(1187, '2023-01-10', 3, 2, 1, '35', 1),
(1188, '2023-01-10', 4, 2, 1, '35', 1),
(1189, '2023-01-10', 3, 2, 1, '31', 1),
(1190, '2023-01-10', 3, 2, 1, '52', 1),
(1191, '2023-01-10', 2, 2, 1, '36', 1),
(1192, '2023-01-10', 5, 2, 1, '27', 1),
(1193, '2023-01-10', 4, 2, 1, '25', 1),
(1194, '2023-01-10', 3, 2, 1, '14', 1),
(1195, '2023-01-10', 3, 2, 1, '36', 1),
(1196, '2023-01-10', 2, 2, 1, '31', 1),
(1197, '2023-01-10', 2, 2, 1, '37', 1),
(1198, '2023-01-10', 3, 2, 1, '33', 1),
(1199, '2023-01-10', 2, 2, 1, '32', 1),
(1200, '2023-01-10', 3, 2, 1, '9', 1),
(1201, '2023-01-10', 2, 2, 1, '26', 1),
(1202, '2023-01-10', 3, 2, 1, '33', 1),
(1203, '2023-01-10', 4, 2, 1, '32', 1),
(1204, '2023-01-10', 3, 2, 1, '35', 1),
(1205, '2023-01-10', 3, 2, 1, '33', 1),
(1206, '2023-01-10', 4, 2, 1, '36', 1),
(1207, '2023-01-10', 4, 2, 1, '49', 1),
(1208, '2023-01-10', 2, 2, 1, '52', 1),
(1209, '2023-01-10', 3, 2, 1, '54', 1),
(1210, '2023-01-10', 4, 2, 1, '35', 1),
(1211, '2023-01-10', 4, 2, 1, '50', 1),
(1212, '2023-01-10', 3, 2, 1, '37', 1),
(1213, '2023-01-10', 3, 2, 1, '47', 1),
(1214, '2023-01-10', 5, 2, 1, '41', 1),
(1215, '2023-01-10', 3, 2, 1, '42', 1),
(1216, '2023-01-10', 4, 2, 1, '66', 1),
(1217, '2023-01-10', 3, 2, 1, '57', 1),
(1218, '2023-01-10', 2, 2, 1, '43', 1),
(1219, '2023-01-10', 3, 2, 1, '21', 1),
(1220, '2023-01-10', 6, 2, 1, '41', 1),
(1221, '2023-01-10', 3, 2, 1, '44', 1),
(1222, '2023-01-10', 3, 2, 1, '51', 1),
(1223, '2023-01-10', 3, 2, 1, '37', 1),
(1224, '2023-01-10', 4, 2, 1, '21', 1),
(1225, '2023-01-10', 5, 2, 1, '38', 1),
(1226, '2023-01-10', 3, 2, 1, '45', 1),
(1227, '2023-01-10', 4, 2, 1, '52', 1),
(1228, '2023-01-10', 3, 2, 1, '64', 1),
(1229, '2023-01-10', 3, 2, 1, '47', 1),
(1230, '2023-01-10', 3, 2, 1, '9', 1),
(1231, '2023-01-10', 5, 2, 1, '9', 1),
(1232, '2023-01-10', 4, 2, 1, '36', 1),
(1233, '2023-01-10', 3, 2, 1, '35', 1),
(1234, '2023-01-10', 3, 2, 1, '36', 1),
(1235, '2023-01-10', 3, 2, 1, '37', 1),
(1236, '2023-01-10', 3, 2, 1, '35', 1),
(1237, '2023-01-10', 4, 2, 1, '38', 1),
(1238, '2023-01-10', 3, 2, 1, '36', 1),
(1239, '2023-01-10', 4, 2, 1, '39', 1),
(1240, '2023-01-10', 4, 2, 1, '34', 1),
(1241, '2023-01-10', 5, 2, 1, '53', 1),
(1242, '2023-01-10', 4, 2, 1, '41', 1),
(1243, '2023-01-10', 4, 2, 1, '34', 1),
(1244, '2023-01-10', 3, 2, 1, '39', 1),
(1245, '2023-01-10', 4, 2, 1, '35', 1),
(1246, '2023-01-10', 4, 2, 1, '49', 1),
(1247, '2023-01-10', 5, 2, 1, '40', 1),
(1248, '2023-01-10', 4, 2, 1, '40', 1),
(1249, '2023-01-10', 3, 2, 1, '43', 1),
(1250, '2023-01-10', 5, 2, 1, '35', 1),
(1251, '2023-01-10', 4, 2, 1, '40', 1),
(1252, '2023-01-10', 3, 2, 1, '32', 1),
(1253, '2023-01-11', 3, 2, 1, '28', 1),
(1254, '2023-01-11', 4, 2, 1, '50', 1),
(1255, '2023-01-11', 4, 2, 1, '41', 1),
(1256, '2023-01-11', 5, 2, 1, '39', 1),
(1257, '2023-01-11', 4, 2, 1, '42', 1),
(1258, '2023-01-11', 4, 2, 1, '38', 1),
(1259, '2023-01-11', 4, 2, 1, '45', 1),
(1260, '2023-01-11', 5, 2, 1, '9', 1),
(1261, '2023-01-11', 3, 2, 1, '55', 1),
(1262, '2023-01-11', 3, 2, 1, '50', 1),
(1263, '2023-01-11', 3, 2, 1, '39', 1),
(1264, '2023-01-11', 4, 2, 1, '49', 1),
(1265, '2023-01-11', 8, 2, 1, '39', 1),
(1266, '2023-01-11', 4, 2, 1, '53', 1),
(1267, '2023-01-11', 6, 2, 1, '43', 1),
(1268, '2023-01-11', 5, 2, 1, '59', 1),
(1269, '2023-01-11', 5, 2, 1, '55', 1),
(1270, '2023-01-11', 5, 2, 1, '40', 1),
(1271, '2023-01-11', 5, 2, 1, '44', 1),
(1272, '2023-01-11', 5, 2, 1, '52', 1),
(1273, '2023-01-11', 4, 2, 1, '55', 1),
(1274, '2023-01-11', 5, 2, 1, '50', 1),
(1275, '2023-01-11', 4, 2, 1, '48', 1),
(1276, '2023-01-11', 5, 2, 1, '47', 1),
(1277, '2023-01-11', 5, 2, 1, '35', 1),
(1278, '2023-01-11', 5, 2, 1, '37', 1),
(1279, '2023-01-11', 5, 2, 1, '55', 1),
(1280, '2023-01-11', 5, 2, 1, '50', 1),
(1281, '2023-01-11', 5, 2, 1, '39', 1),
(1282, '2023-01-11', 6, 2, 1, '40', 1),
(1283, '2023-01-11', 5, 2, 1, '38', 1),
(1284, '2023-01-11', 3, 2, 1, '51', 1),
(1285, '2023-01-11', 3, 2, 1, '39', 1),
(1286, '2023-01-11', 5, 2, 1, '9', 1),
(1287, '2023-01-11', 4, 2, 1, '45', 1),
(1288, '2023-01-11', 4, 2, 1, '38', 1),
(1289, '2023-01-11', 4, 2, 1, '41', 1),
(1290, '2023-01-11', 3, 2, 1, '41', 1),
(1291, '2023-01-11', 4, 2, 1, '55', 1),
(1292, '2023-01-11', 5, 2, 1, '65', 1),
(1293, '2023-01-11', 5, 2, 1, '61', 1),
(1294, '2023-01-11', 5, 2, 1, '54', 1),
(1295, '2023-01-11', 5, 2, 1, '51', 1),
(1296, '2023-01-11', 4, 2, 1, '51', 1),
(1297, '2023-01-11', 4, 2, 1, '51', 1),
(1298, '2023-01-11', 4, 2, 1, '44', 1),
(1299, '2023-01-11', 4, 2, 1, '46', 1),
(1300, '2023-01-11', 4, 2, 1, '53', 1),
(1301, '2023-01-11', 4, 2, 1, '55', 1),
(1302, '2023-01-11', 5, 2, 1, '51', 1),
(1303, '2023-01-11', 4, 2, 1, '42', 1),
(1304, '2023-01-11', 5, 2, 1, '42', 1),
(1305, '2023-01-11', 5, 2, 1, '48', 1),
(1306, '2023-01-11', 5, 2, 1, '36', 1),
(1307, '2023-01-11', 4, 2, 1, '39', 1),
(1308, '2023-01-11', 3, 2, 1, '38', 1),
(1309, '2023-01-11', 4, 2, 1, '34', 1),
(1310, '2023-01-11', 3, 2, 1, '44', 1),
(1311, '2023-01-11', 5, 2, 1, '33', 1),
(1312, '2023-01-11', 4, 2, 1, '38', 1),
(1313, '2023-01-11', 4, 2, 1, '48', 1),
(1314, '2023-01-11', 4, 2, 1, '38', 1),
(1315, '2023-01-11', 3, 2, 1, '40', 1),
(1316, '2023-01-11', 4, 2, 1, '39', 1),
(1317, '2023-01-11', 2, 2, 1, '38', 1),
(1318, '2023-01-11', 4, 2, 1, '37', 1),
(1319, '2023-01-12', 4, 2, 1, '9', 1),
(1320, '2023-01-12', 5, 2, 1, '39', 1),
(1321, '2023-01-12', 4, 2, 1, '57', 1),
(1322, '2023-01-12', 4, 2, 1, '53', 1),
(1323, '2023-01-12', 3, 2, 1, '41', 1),
(1324, '2023-01-12', 4, 2, 1, '53', 1),
(1325, '2023-01-12', 4, 2, 1, '50', 1),
(1326, '2023-01-12', 5, 2, 1, '67', 1),
(1327, '2023-01-12', 3, 2, 1, '37', 1),
(1328, '2023-01-12', 3, 2, 1, '50', 1),
(1329, '2023-01-12', 3, 2, 1, '60', 1),
(1330, '2023-01-12', 4, 2, 1, '53', 1),
(1331, '2023-01-12', 4, 2, 1, '56', 1),
(1332, '', 4, 2, 1, '19', 1),
(1333, '2023-01-12', 4, 2, 1, '50', 1),
(1334, '2023-01-12', 3, 2, 1, '50', 1),
(1335, '2023-01-12', 4, 2, 1, '43', 1),
(1336, '2023-01-12', 4, 2, 1, '46', 1),
(1337, '2023-01-12', 6, 2, 1, '36', 1),
(1338, '2023-01-12', 7, 2, 1, '36', 1),
(1339, '2023-01-12', 5, 2, 1, '49', 1),
(1340, '2023-01-12', 5, 2, 1, '61', 1),
(1341, '2023-01-12', 8, 2, 1, '84', 1),
(1342, '2023-01-12', 3, 2, 1, '67', 1),
(1343, '2023-01-12', 4, 2, 1, '61', 1),
(1344, '2023-01-12', 4, 2, 1, '54', 1),
(1345, '2023-01-12', 5, 2, 1, '60', 1),
(1346, '2023-01-12', 5, 2, 1, '47', 1),
(1347, '2023-01-12', 6, 2, 1, '50', 1),
(1348, '2023-01-12', 5, 2, 1, '54', 1),
(1349, '2023-01-12', 5, 2, 1, '66', 1),
(1350, '2023-01-12', 5, 2, 1, '66', 1),
(1351, '2023-01-12', 7, 2, 1, '81', 1),
(1352, '2023-01-12', 6, 2, 1, '49', 1),
(1353, '2023-01-12', 5, 2, 1, '56', 1),
(1354, '2023-01-12', 4, 2, 1, '74', 1),
(1355, '2023-01-12', 5, 2, 1, '53', 1),
(1356, '2023-01-12', 5, 2, 1, '57', 1),
(1357, '2023-01-12', 7, 2, 1, '54', 1),
(1358, '2023-01-12', 5, 2, 1, '72', 1),
(1359, '2023-01-12', 6, 2, 1, '66', 1),
(1360, '2023-01-12', 5, 2, 1, '60', 1),
(1361, '2023-01-12', 4, 2, 1, '54', 1),
(1362, '2023-01-12', 5, 2, 1, '58', 1),
(1363, '2023-01-12', 5, 2, 1, '64', 1),
(1364, '2023-01-12', 5, 2, 1, '64', 1),
(1365, '2023-01-12', 5, 2, 1, '67', 1),
(1366, '2023-01-12', 5, 2, 1, '64', 1),
(1367, '2023-01-12', 4, 2, 1, '19', 1),
(1368, '2023-01-12', 4, 2, 1, '62', 1),
(1369, '2023-01-12', 5, 2, 1, '45', 1),
(1370, '2023-01-12', 4, 2, 1, '49', 1),
(1371, '2023-01-12', 5, 2, 1, '54', 1),
(1372, '2023-01-12', 4, 2, 1, '43', 1),
(1373, '2023-01-12', 4, 2, 1, '41', 1),
(1374, '2023-01-12', 4, 2, 1, '45', 1),
(1375, '2023-01-12', 4, 2, 1, '39', 1),
(1376, '2023-01-12', 3, 2, 1, '52', 1),
(1377, '2023-01-12', 5, 2, 1, '53', 1),
(1378, '2023-01-12', 5, 2, 1, '46', 1),
(1379, '2023-01-12', 3, 2, 1, '40', 1),
(1380, '2023-01-12', 4, 2, 1, '53', 1),
(1381, '2023-01-12', 5, 2, 1, '53', 1),
(1382, '2023-01-12', 5, 2, 1, '56', 1),
(1383, '2023-01-12', 5, 2, 1, '33', 1),
(1384, '2023-01-13', 3, 2, 1, '40', 1),
(1385, '2023-01-13', 4, 2, 1, '36', 1),
(1386, '2023-01-13', 4, 2, 1, '36', 1),
(1387, '2023-01-13', 5, 2, 1, '51', 1),
(1388, '2023-01-13', 4, 2, 1, '44', 1),
(1389, '2023-01-13', 5, 2, 1, '42', 1),
(1390, '2023-01-13', 5, 2, 1, '42', 1),
(1391, '2023-01-13', 4, 2, 1, '36', 1),
(1392, '2023-01-13', 3, 2, 1, '39', 1),
(1393, '2023-01-13', 6, 2, 1, '44', 1),
(1394, '2023-01-13', 2, 2, 1, '40', 1),
(1395, '2023-01-13', 5, 2, 1, '40', 1),
(1396, '2023-01-13', 5, 2, 1, '39', 1),
(1397, '2023-01-13', 8, 2, 1, '53', 1),
(1398, '2023-01-13', 5, 2, 1, '52', 1),
(1399, '2023-01-13', 4, 2, 1, '40', 1),
(1400, '2023-01-13', 4, 2, 1, '9', 1),
(1401, '2023-01-13', 3, 2, 1, '54', 1),
(1402, '2023-01-13', 4, 2, 1, '45', 1),
(1403, '2023-01-13', 4, 2, 1, '42', 1),
(1404, '2023-01-13', 3, 2, 1, '51', 1),
(1405, '2023-01-13', 4, 2, 1, '54', 1),
(1406, '2023-01-13', 3, 2, 1, '42', 1),
(1407, '2023-01-13', 3, 2, 1, '42', 1),
(1408, '2023-01-13', 4, 2, 1, '47', 1),
(1409, '2023-01-13', 4, 2, 1, '45', 1),
(1410, '2023-01-13', 3, 2, 1, '39', 1),
(1411, '2023-01-13', 4, 2, 1, '47', 1),
(1412, '2023-01-13', 4, 2, 1, '46', 1),
(1413, '2023-01-13', 5, 2, 1, '47', 1),
(1414, '2023-01-13', 3, 2, 1, '50', 1),
(1415, '2023-01-13', 2, 2, 1, '26', 1),
(1416, '2023-01-13', 4, 2, 1, '49', 1),
(1417, '2023-01-13', 4, 2, 1, '50', 1),
(1418, '2023-01-13', 3, 2, 1, '48', 1),
(1419, '2023-01-13', 4, 2, 1, '60', 1),
(1420, '2023-01-13', 4, 2, 1, '53', 1),
(1421, '2023-01-13', 4, 2, 1, '49', 1),
(1422, '2023-01-13', 7, 2, 1, '52', 1),
(1423, '2023-01-13', 3, 2, 1, '50', 1),
(1424, '2023-01-13', 3, 2, 1, '48', 1),
(1425, '2023-01-13', 3, 2, 1, '47', 1),
(1426, '2023-01-13', 5, 2, 1, '51', 1),
(1427, '2023-01-13', 4, 2, 1, '46', 1),
(1428, '2023-01-13', 3, 2, 1, '48', 1),
(1429, '2023-01-13', 3, 2, 1, '56', 1),
(1430, '2023-01-13', 4, 2, 1, '50', 1),
(1431, '2023-01-13', 3, 2, 1, '54', 1),
(1432, '2023-01-13', 4, 2, 1, '45', 1),
(1433, '2023-01-13', 3, 2, 1, '46', 1),
(1434, '2023-01-13', 4, 2, 1, '41', 1),
(1435, '2023-01-13', 4, 2, 1, '50', 1),
(1436, '2023-01-13', 3, 2, 1, '47', 1),
(1437, '2023-01-13', 3, 2, 1, '49', 1),
(1438, '2023-01-13', 3, 2, 1, '50', 1),
(1439, '2023-01-13', 3, 2, 1, '48', 1),
(1440, '2023-01-13', 3, 2, 1, '51', 1),
(1441, '2023-01-13', 4, 2, 1, '46', 1),
(1442, '2023-01-13', 3, 2, 1, '56', 1),
(1443, '2023-01-13', 5, 2, 1, '31', 1),
(1444, '2023-01-13', 4, 2, 1, '40', 1),
(1445, '2023-01-13', 4, 2, 1, '9', 1),
(1446, '2023-01-13', 3, 2, 1, '40', 1),
(1447, '2023-01-13', 4, 2, 1, '44', 1),
(1448, '2023-01-13', 5, 2, 1, '46', 1),
(1449, '2023-01-13', 4, 2, 1, '59', 1),
(1450, '2023-01-13', 4, 2, 1, '41', 1),
(1451, '2023-01-13', 4, 2, 1, '47', 1),
(1452, '2023-01-13', 4, 2, 1, '47', 1),
(1453, '2023-01-13', 4, 2, 1, '40', 1),
(1454, '2023-01-13', 3, 2, 1, '52', 1),
(1455, '2023-01-13', 6, 2, 1, '39', 1),
(1456, '2023-01-13', 3, 2, 1, '35', 1),
(1457, '2023-01-13', 3, 2, 1, '36', 1),
(1458, '2023-01-13', 2, 2, 1, '47', 1),
(1459, '2023-01-14', 3, 2, 1, '9', 1),
(1460, '2023-01-14', 3, 2, 1, '34', 1),
(1461, '2023-01-14', 5, 2, 1, '47', 1),
(1462, '2023-01-14', 3, 2, 1, '51', 1),
(1463, '2023-01-14', 4, 2, 1, '55', 1),
(1464, '2023-01-14', 3, 2, 1, '47', 1),
(1465, '2023-01-14', 3, 2, 1, '48', 1),
(1466, '2023-01-14', 6, 2, 1, '49', 1),
(1467, '2023-01-14', 3, 2, 1, '21', 1),
(1468, '2023-01-14', 4, 2, 1, '42', 1),
(1469, '2023-01-14', 4, 2, 1, '41', 1),
(1470, '2023-01-14', 4, 2, 1, '38', 1),
(1471, '2023-01-14', 3, 2, 1, '38', 1),
(1472, '2023-01-14', 3, 2, 1, '62', 1),
(1473, '2023-01-14', 3, 2, 1, '53', 1),
(1474, '2023-01-14', 3, 2, 1, '64', 1),
(1475, '2023-01-14', 4, 2, 1, '40', 1),
(1476, '2023-01-14', 6, 2, 1, '42', 1),
(1477, '2023-01-14', 3, 2, 1, '50', 1),
(1478, '2023-01-14', 7, 2, 1, '64', 1),
(1479, '2023-01-14', 5, 2, 1, '9', 1),
(1480, '2023-01-14', 4, 2, 1, '50', 1),
(1481, '2023-01-14', 6, 2, 1, '56', 1),
(1482, '2023-01-14', 4, 2, 1, '48', 1),
(1483, '2023-01-14', 3, 2, 1, '51', 1),
(1484, '2023-01-14', 4, 2, 1, '55', 1),
(1485, '2023-01-14', 4, 2, 1, '66', 1),
(1486, '2023-01-14', 4, 2, 1, '52', 1),
(1487, '2023-01-14', 5, 2, 1, '67', 1),
(1488, '2023-01-14', 6, 2, 1, '52', 1),
(1489, '2023-01-14', 4, 2, 1, '49', 1),
(1490, '2023-01-14', 4, 2, 1, '17', 1),
(1491, '2023-01-14', 3, 2, 1, '45', 1),
(1492, '2023-01-14', 3, 2, 1, '54', 1),
(1493, '2023-01-14', 3, 2, 1, '53', 1),
(1494, '2023-01-14', 5, 2, 1, '64', 1),
(1495, '2023-01-14', 3, 2, 1, '45', 1),
(1496, '2023-01-14', 4, 2, 1, '47', 1),
(1497, '2023-01-14', 3, 2, 1, '54', 1),
(1498, '2023-01-14', 3, 2, 1, '44', 1),
(1499, '2023-01-14', 4, 2, 1, '46', 1),
(1500, '2023-01-14', 3, 2, 1, '49', 1),
(1501, '2023-01-14', 4, 2, 1, '53', 1),
(1502, '2023-01-14', 2, 2, 1, '53', 1),
(1503, '2023-01-14', 3, 2, 1, '19', 1),
(1504, '2023-01-14', 3, 2, 1, '36', 1),
(1505, '2023-01-14', 3, 2, 1, '48', 1),
(1506, '2023-01-14', 4, 2, 1, '48', 1),
(1507, '2023-01-14', 3, 2, 1, '50', 1),
(1508, '2023-01-14', 2, 2, 1, '52', 1),
(1509, '2023-01-14', 2, 2, 1, '69', 1),
(1510, '2023-01-14', 3, 2, 1, '55', 1),
(1511, '2023-01-14', 4, 2, 1, '57', 1),
(1512, '2023-01-14', 5, 2, 1, '57', 1),
(1513, '2023-01-14', 4, 2, 1, '47', 1),
(1514, '2023-01-14', 3, 2, 1, '53', 1),
(1515, '2023-01-14', 3, 2, 1, '45', 1),
(1516, '2023-01-14', 3, 2, 1, '52', 1),
(1517, '2023-01-14', 5, 2, 1, '50', 1),
(1518, '2023-01-14', 6, 2, 1, '54', 1),
(1519, '2023-01-14', 4, 2, 1, '56', 1),
(1520, '2023-01-14', 4, 2, 1, '42', 1),
(1521, '2023-01-14', 5, 2, 1, '48', 1),
(1522, '2023-01-14', 4, 2, 1, '51', 1),
(1523, '2023-01-14', 3, 2, 1, '50', 1),
(1524, '2023-01-14', 3, 2, 1, '51', 1),
(1525, '2023-01-14', 4, 2, 1, '52', 1),
(1526, '2023-01-14', 5, 2, 1, '68', 1),
(1527, '2023-01-14', 4, 2, 1, '61', 1),
(1528, '2023-01-14', 3, 2, 1, '52', 1),
(1529, '2023-01-14', 3, 2, 1, '43', 1),
(1530, '2023-01-14', 2, 2, 1, '46', 1),
(1531, '2023-01-15', 4, 2, 1, '9', 1),
(1532, '2023-01-15', 4, 2, 1, '35', 1),
(1533, '2023-01-15', 3, 2, 1, '38', 1),
(1534, '2023-01-15', 6, 2, 1, '53', 1),
(1535, '2023-01-15', 4, 2, 1, '45', 1),
(1536, '2023-01-15', 4, 2, 1, '44', 1),
(1537, '2023-01-15', 5, 2, 1, '48', 1),
(1538, '2023-01-15', 4, 2, 1, '9', 1),
(1539, '2023-01-15', 5, 2, 1, '50', 1),
(1540, '2023-01-15', 4, 2, 1, '53', 1),
(1541, '2023-01-15', 5, 2, 1, '52', 1),
(1542, '2023-01-15', 5, 2, 1, '55', 1),
(1543, '2023-01-15', 5, 2, 1, '53', 1),
(1544, '2023-01-15', 3, 2, 1, '50', 1),
(1545, '2023-01-15', 3, 2, 1, '58', 1),
(1546, '2023-01-15', 3, 2, 1, '51', 1),
(1547, '2023-01-15', 3, 2, 1, '52', 1),
(1548, '2023-01-15', 4, 2, 1, '54', 1),
(1549, '2023-01-15', 4, 2, 1, '52', 1),
(1550, '2023-01-15', 4, 2, 1, '56', 1),
(1551, '2023-01-15', 4, 2, 1, '52', 1),
(1552, '2023-01-15', 4, 2, 1, '44', 1),
(1553, '2023-01-15', 5, 2, 1, '54', 1),
(1554, '2023-01-15', 4, 2, 1, '53', 1),
(1555, '2023-01-15', 5, 2, 1, '50', 1),
(1556, '2023-01-15', 5, 2, 1, '54', 1),
(1557, '2023-01-15', 4, 2, 1, '67', 1),
(1558, '2023-01-15', 3, 2, 1, '54', 1),
(1559, '2023-01-15', 3, 2, 1, '55', 1),
(1560, '2023-01-15', 4, 2, 1, '65', 1),
(1561, '2023-01-15', 4, 2, 1, '53', 1),
(1562, '2023-01-15', 5, 2, 1, '56', 1),
(1563, '2023-01-15', 4, 2, 1, '47', 1),
(1564, '2023-01-15', 3, 2, 1, '47', 1),
(1565, '2023-01-15', 3, 2, 1, '65', 1),
(1566, '2023-01-15', 4, 2, 1, '56', 1),
(1567, '2023-01-15', 4, 2, 1, '49', 1),
(1568, '2023-01-15', 3, 2, 1, '65', 1),
(1569, '2023-01-15', 7, 2, 1, '49', 1),
(1570, '2023-01-15', 8, 2, 1, '59', 1),
(1571, '2023-01-15', 4, 2, 1, '66', 1),
(1572, '2023-01-15', 3, 2, 1, '66', 1),
(1573, '2023-01-15', 4, 2, 1, '66', 1),
(1574, '2023-01-15', 5, 2, 1, '63', 1),
(1575, '2023-01-15', 6, 2, 1, '62', 1),
(1576, '2023-01-15', 6, 2, 1, '44', 1),
(1577, '2023-01-15', 7, 2, 1, '51', 1),
(1578, '2023-01-15', 4, 2, 1, '55', 1),
(1579, '2023-01-15', 3, 2, 1, '52', 1),
(1580, '2023-01-15', 5, 2, 1, '47', 1),
(1581, '2023-01-15', 7, 2, 1, '64', 1),
(1582, '2023-01-15', 6, 2, 1, '55', 1),
(1583, '2023-01-15', 7, 2, 1, '51', 1),
(1584, '2023-01-15', 6, 2, 1, '57', 1),
(1585, '2023-01-15', 5, 2, 1, '56', 1),
(1586, '2023-01-15', 6, 2, 1, '48', 1),
(1587, '2023-01-15', 5, 2, 1, '53', 1),
(1588, '2023-01-15', 5, 2, 1, '30', 1),
(1589, '2023-01-15', 6, 2, 1, '45', 1),
(1590, '2023-01-15', 5, 2, 1, '45', 1),
(1591, '2023-01-15', 5, 2, 1, '41', 1),
(1592, '2023-01-15', 6, 2, 1, '45', 1),
(1593, '2023-01-15', 4, 2, 1, '45', 1),
(1601, '2023-01-16', 5, 2, 1, '37', 1),
(1602, '2023-01-16', 4, 2, 1, '49', 1),
(1603, '2023-01-16', 4, 2, 1, '34', 1),
(1604, '2023-01-16', 5, 2, 1, '53', 1),
(1605, '2023-01-16', 3, 2, 1, '49', 1),
(1606, '2023-01-16', 4, 2, 1, '54', 1),
(1607, '2023-01-16', 4, 2, 1, '50', 1),
(1608, '2023-01-16', 3, 2, 1, '52', 1),
(1609, '2023-01-16', 5, 2, 1, '48', 1),
(1610, '2023-01-16', 5, 2, 1, '49', 1),
(1611, '2023-01-16', 3, 2, 1, '49', 1),
(1612, '2023-01-16', 2, 2, 1, '57', 1),
(1613, '2023-01-16', 2, 2, 1, '60', 1),
(1614, '2023-01-16', 4, 2, 1, '60', 1),
(1615, '2023-01-16', 4, 2, 1, '55', 1),
(1616, '2023-01-16', 4, 2, 1, '46', 1),
(1617, '2023-01-16', 4, 2, 1, '44', 1),
(1618, '2023-01-16', 5, 2, 1, '65', 1),
(1619, '2023-01-16', 7, 2, 1, '57', 1),
(1620, '2023-01-16', 5, 2, 1, '61', 1),
(1621, '2023-01-16', 7, 2, 1, '66', 1),
(1622, '2023-01-16', 2, 2, 1, '63', 1),
(1623, '2023-01-16', 4, 2, 1, '46', 1),
(1624, '2023-01-16', 3, 2, 1, '50', 1),
(1625, '2023-01-16', 6, 2, 1, '55', 1),
(1626, '2023-01-16', 10, 2, 1, '57', 1),
(1627, '2023-01-16', 5, 2, 1, '48', 1),
(1628, '2023-01-16', 7, 2, 1, '58', 1),
(1629, '2023-01-16', 8, 2, 1, '64', 1),
(1630, '2023-01-16', 5, 2, 1, '63', 1),
(1631, '2023-01-16', 6, 2, 1, '49', 1),
(1632, '2023-01-16', 4, 2, 1, '44', 1),
(1633, '2023-01-16', 8, 2, 1, '61', 1),
(1634, '2023-01-16', 5, 2, 1, '51', 1),
(1635, '2023-01-16', 5, 2, 1, '64', 1),
(1636, '2023-01-16', 4, 2, 1, '60', 1),
(1637, '2023-01-16', 9, 2, 1, '52', 1),
(1638, '2023-01-16', 3, 2, 1, '44', 1),
(1639, '2023-01-16', 3, 2, 1, '21', 1),
(1640, '2023-01-16', 7, 2, 1, '37', 1),
(1641, '2023-01-16', 8, 2, 1, '45', 1),
(1642, '2023-01-16', 5, 2, 1, '51', 1),
(1643, '2023-01-16', 8, 2, 1, '67', 1),
(1644, '2023-01-16', 3, 2, 1, '52', 1),
(1645, '2023-01-16', 5, 2, 1, '9', 1),
(1646, '2023-01-16', 6, 2, 1, '10', 1),
(1647, '2023-01-16', 7, 2, 1, '11', 1),
(1648, '2023-01-16', 5, 2, 1, '39', 1),
(1649, '2023-01-16', 6, 2, 1, '51', 1),
(1650, '2023-01-16', 4, 2, 1, '36', 1),
(1657, '2023-01-16', 8, 2, 1, '31', 1),
(1659, '2023-01-16', 4, 2, 1, '47', 1),
(1662, '2023-01-16', 7, 2, 1, '35', 1),
(1663, '2023-01-16', 6, 2, 1, '44', 1),
(1664, '2023-01-16', 2, 2, 1, '41', 1),
(1665, '2023-01-17', 4, 2, 1, '40', 1),
(1666, '2023-01-17', 3, 2, 1, '43', 1),
(1667, '2023-01-17', 3, 2, 1, '41', 1),
(1668, '2023-01-17', 4, 2, 1, '48', 1),
(1669, '2023-01-17', 2, 2, 1, '44', 1),
(1670, '2023-01-17', 5, 2, 1, '46', 1),
(1671, '2023-01-17', 3, 2, 1, '50', 1),
(1672, '2023-01-17', 3, 2, 1, '13', 1),
(1673, '2023-01-17', 3, 2, 1, '53', 1),
(1674, '2023-01-17', 3, 2, 1, '44', 1),
(1675, '2023-01-17', 2, 2, 1, '50', 1),
(1676, '2023-01-17', 4, 2, 1, '39', 1),
(1677, '2023-01-17', 4, 2, 1, '47', 1),
(1678, '2023-01-17', 4, 2, 1, '47', 1),
(1679, '2023-01-17', 3, 2, 1, '46', 1),
(1680, '2023-01-17', 4, 2, 1, '62', 1),
(1681, '2023-01-17', 6, 2, 1, '45', 1),
(1682, '2023-01-17', 4, 2, 1, '60', 1),
(1683, '2023-01-17', 4, 2, 1, '38', 1),
(1684, '2023-01-17', 4, 2, 1, '47', 1),
(1685, '2023-01-17', 3, 2, 1, '65', 1),
(1686, '2023-01-17', 3, 2, 1, '50', 1),
(1687, '2023-01-17', 4, 2, 1, '50', 1),
(1688, '2023-01-17', 5, 2, 1, '54', 1),
(1689, '2023-01-17', 4, 2, 1, '40', 1),
(1690, '2023-01-17', 4, 2, 1, '65', 1),
(1691, '2023-01-17', 6, 2, 1, '80', 1),
(1692, '2023-01-17', 7, 2, 1, '78', 1),
(1693, '2023-01-17', 5, 2, 1, '60', 1),
(1694, '2023-01-17', 4, 2, 1, '78', 1),
(1695, '2023-01-17', 5, 2, 1, '55', 1),
(1696, '2023-01-17', 4, 2, 1, '57', 1),
(1697, '2023-01-17', 4, 2, 1, '46', 1),
(1698, '2023-01-17', 5, 2, 1, '51', 1),
(1699, '2023-01-17', 4, 2, 1, '51', 1),
(1700, '2023-01-17', 4, 2, 1, '56', 1),
(1701, '2023-01-17', 5, 2, 1, '63', 1),
(1702, '2023-01-17', 7, 2, 1, '75', 1),
(1703, '2023-01-17', 5, 2, 1, '62', 1),
(1704, '2023-01-17', 5, 2, 1, '60', 1),
(1705, '2023-01-17', 6, 2, 1, '51', 1),
(1706, '2023-01-17', 3, 2, 1, '45', 1),
(1707, '2023-01-17', 4, 2, 1, '49', 1),
(1708, '2023-01-17', 7, 2, 1, '45', 1),
(1709, '2023-01-17', 4, 2, 1, '47', 1),
(1710, '2023-01-17', 3, 2, 1, '53', 1),
(1711, '2023-01-17', 3, 2, 1, '60', 1),
(1712, '2023-01-17', 4, 2, 1, '37', 1),
(1713, '2023-01-17', 7, 2, 1, '38', 1),
(1714, '2023-01-17', 3, 2, 1, '47', 1),
(1715, '2023-01-17', 3, 2, 1, '50', 1),
(1716, '2023-01-17', 3, 2, 1, '46', 1),
(1717, '2023-01-17', 4, 2, 1, '9', 1),
(1718, '2023-01-17', 3, 2, 1, '47', 1),
(1719, '2023-01-17', 3, 2, 1, '45', 1),
(1720, '2023-01-17', 2, 2, 1, '60', 1),
(1721, '2023-01-17', 3, 2, 1, '44', 1),
(1722, '2023-01-17', 4, 2, 1, '49', 1),
(1723, '2023-01-17', 5, 2, 1, '52', 1),
(1724, '2023-01-17', 3, 2, 1, '57', 1),
(1725, '2023-01-17', 4, 2, 1, '47', 1),
(1726, '2023-01-17', 3, 2, 1, '52', 1),
(1727, '2023-01-17', 4, 2, 1, '50', 1),
(1728, '2023-01-17', 5, 2, 1, '45', 1),
(1729, '2023-01-17', 3, 2, 1, '44', 1),
(1730, '2023-01-17', 3, 2, 1, '36', 1),
(1731, '2023-01-17', 3, 2, 1, '44', 1),
(1732, '2023-01-17', 7, 2, 1, '45', 1),
(1733, '2023-01-17', 3, 2, 1, '43', 1),
(1734, '2023-01-17', 3, 2, 1, '45', 1),
(1735, '2023-01-17', 4, 2, 1, '97', 1),
(1736, '2023-01-17', 6, 2, 1, '53', 1),
(1737, '2023-01-17', 3, 2, 1, '76', 1),
(1738, '2023-01-17', 2, 2, 1, '35', 1),
(1739, '2023-01-18', 4, 2, 1, '48', 1),
(1740, '2023-01-18', 3, 2, 1, '39', 1),
(1741, '2023-01-18', 4, 2, 1, '44', 1),
(1742, '2023-01-18', 3, 2, 1, '58', 1),
(1743, '2023-01-18', 4, 2, 1, '41', 1),
(1744, '2023-01-18', 3, 2, 1, '55', 1),
(1745, '2023-01-18', 4, 2, 1, '62', 1),
(1746, '2023-01-18', 4, 2, 1, '56', 1),
(1747, '2023-01-18', 3, 2, 1, '47', 1),
(1748, '2023-01-18', 3, 2, 1, '68', 1),
(1749, '2023-01-18', 3, 2, 1, '59', 1),
(1750, '2023-01-18', 3, 2, 1, '52', 1),
(1751, '2023-01-18', 3, 2, 1, '70', 1),
(1752, '2023-01-18', 3, 2, 1, '65', 1),
(1753, '2023-01-18', 4, 2, 1, '67', 1),
(1754, '2023-01-18', 3, 2, 1, '45', 1),
(1755, '2023-01-18', 3, 2, 1, '57', 1),
(1756, '2023-01-18', 3, 2, 1, '61', 1),
(1757, '2023-01-18', 3, 2, 1, '64', 1),
(1758, '2023-01-18', 3, 2, 1, '60', 1),
(1759, '2023-01-18', 4, 2, 1, '58', 1),
(1760, '2023-01-18', 3, 2, 1, '56', 1),
(1761, '2023-01-18', 4, 2, 1, '54', 1),
(1762, '2023-01-18', 3, 2, 1, '57', 1),
(1763, '2023-01-18', 3, 2, 1, '56', 1),
(1764, '2023-01-18', 7, 2, 1, '19', 1),
(1765, '2023-01-18', 3, 2, 1, '44', 1),
(1766, '2023-01-18', 7, 2, 1, '66', 1),
(1767, '2023-01-18', 3, 2, 1, '49', 1),
(1768, '2023-01-18', 3, 2, 1, '45', 1),
(1769, '2023-01-18', 5, 2, 1, '57', 1),
(1770, '2023-01-18', 4, 2, 1, '45', 1),
(1771, '2023-01-18', 4, 2, 1, '69', 1),
(1772, '2023-01-18', 6, 2, 1, '79', 1),
(1773, '2023-01-18', 4, 2, 1, '69', 1),
(1774, '2023-01-18', 3, 2, 1, '73', 1),
(1775, '2023-01-18', 3, 2, 1, '63', 1),
(1776, '2023-01-18', 3, 2, 1, '76', 1),
(1777, '2023-01-18', 3, 2, 1, '70', 1),
(1778, '2023-01-18', 3, 2, 1, '66', 1),
(1779, '2023-01-18', 3, 2, 1, '69', 1),
(1780, '2023-01-18', 3, 2, 1, '112', 1),
(1781, '2023-01-18', 4, 2, 1, '55', 1),
(1782, '2023-01-18', 3, 2, 1, '67', 1),
(1783, '2023-01-18', 3, 2, 1, '98', 1),
(1784, '2023-01-18', 3, 2, 1, '90', 1),
(1785, '2023-01-18', 3, 2, 1, '96', 1),
(1786, '2023-01-18', 3, 2, 1, '112', 1),
(1787, '2023-01-18', 4, 2, 1, '72', 1),
(1788, '2023-01-18', 3, 2, 1, '85', 1),
(1789, '2023-01-18', 3, 2, 1, '71', 1),
(1790, '2023-01-18', 4, 2, 1, '74', 1),
(1791, '2023-01-18', 3, 2, 1, '59', 1),
(1792, '2023-01-18', 3, 2, 1, '64', 1),
(1793, '2023-01-18', 3, 2, 1, '78', 1),
(1794, '2023-01-18', 4, 2, 1, '49', 1),
(1795, '2023-01-18', 4, 2, 1, '49', 1),
(1796, '2023-01-18', 4, 2, 1, '47', 1),
(1797, '2023-01-18', 5, 2, 1, '82', 1),
(1798, '2023-01-18', 3, 2, 1, '59', 1),
(1799, '2023-01-18', 4, 2, 1, '51', 1),
(1800, '2023-01-18', 4, 2, 1, '9', 1),
(1801, '2023-01-18', 3, 2, 1, '61', 1),
(1802, '2023-01-18', 4, 2, 1, '47', 1),
(1803, '2023-01-18', 3, 2, 1, '46', 1),
(1804, '2023-01-18', 4, 2, 1, '38', 1),
(1805, '2023-01-18', 4, 2, 1, '73', 1),
(1806, '2023-01-18', 5, 2, 1, '50', 1),
(1807, '2023-01-18', 3, 2, 1, '67', 1),
(1808, '2023-01-18', 4, 2, 1, '61', 1),
(1809, '2023-01-18', 3, 2, 1, '52', 1),
(1810, '2023-01-18', 3, 2, 1, '49', 1),
(1811, '2023-01-18', 2, 2, 1, '58', 1),
(1812, '2023-01-18', 3, 2, 1, '47', 1),
(1813, '2023-01-18', 3, 2, 1, '34', 1),
(1814, '2023-01-18', 3, 2, 1, '59', 1),
(1815, '2023-01-18', 4, 2, 1, '31', 1),
(1816, '2023-01-18', 5, 2, 1, '25', 1),
(1817, '2023-01-18', 5, 2, 1, '39', 1),
(1818, '2023-01-18', 3, 2, 1, '46', 1),
(1819, '2023-01-18', 1, 2, 1, '32', 1),
(1820, '2023-01-18', 5, 2, 1, '9', 1),
(1821, '2023-01-19', 3, 2, 1, '44', 1),
(1822, '2023-01-19', 4, 2, 1, '59', 1),
(1823, '2023-01-19', 5, 2, 1, '65', 1),
(1824, '2023-01-19', 4, 2, 1, '51', 1),
(1825, '2023-01-19', 4, 2, 1, '53', 1),
(1826, '2023-01-19', 4, 2, 1, '47', 1),
(1827, '2023-01-19', 3, 2, 1, '59', 1),
(1828, '2023-01-19', 4, 2, 1, '43', 1),
(1829, '2023-01-19', 3, 2, 1, '51', 1),
(1830, '2023-01-19', 4, 2, 1, '39', 1),
(1831, '2023-01-19', 4, 2, 1, '57', 1),
(1832, '2023-01-19', 3, 2, 1, '56', 1),
(1833, '2023-01-19', 3, 2, 1, '65', 1),
(1834, '2023-01-19', 4, 2, 1, '59', 1),
(1835, '2023-01-19', 3, 2, 1, '42', 1),
(1836, '2023-01-19', 3, 2, 1, '59', 1),
(1837, '2023-01-19', 3, 2, 1, '46', 1),
(1838, '2023-01-18', 3, 2, 1, '58', 1),
(1839, '2023-01-19', 3, 2, 1, '59', 1),
(1840, '2023-01-19', 3, 2, 1, '63', 1),
(1841, '2023-01-19', 4, 2, 1, '47', 1),
(1842, '2023-01-19', 4, 2, 1, '51', 1),
(1843, '2023-01-19', 4, 2, 1, '26', 1),
(1844, '2023-01-19', 4, 2, 1, '55', 1),
(1845, '2023-01-19', 4, 2, 1, '50', 1),
(1846, '2023-01-19', 7, 2, 1, '49', 1),
(1847, '2023-01-19', 4, 2, 1, '54', 1),
(1848, '2023-01-19', 3, 2, 1, '44', 1),
(1849, '2023-01-19', 4, 2, 1, '42', 1),
(1850, '2023-01-19', 3, 2, 1, '45', 1),
(1851, '2023-01-19', 4, 2, 1, '54', 1),
(1852, '2023-01-19', 5, 2, 1, '49', 1),
(1853, '2023-01-19', 4, 2, 1, '46', 1),
(1854, '2023-01-19', 3, 2, 1, '74', 1),
(1855, '2023-01-19', 5, 2, 1, '66', 1),
(1856, '2023-01-19', 4, 2, 1, '70', 1),
(1857, '2023-01-19', 3, 2, 1, '52', 1),
(1858, '2023-01-19', 2, 2, 1, '72', 1),
(1859, '2023-01-19', 7, 2, 1, '64', 1),
(1860, '2023-01-19', 8, 2, 1, '63', 1),
(1861, '2023-01-19', 3, 2, 1, '56', 1),
(1862, '2023-01-19', 3, 2, 1, '69', 1),
(1863, '2023-01-19', 3, 2, 1, '69', 1),
(1864, '2023-01-19', 4, 2, 1, '59', 1),
(1865, '2023-01-19', 3, 2, 1, '87', 1),
(1866, '2023-01-19', 4, 2, 1, '68', 1),
(1867, '2023-01-19', 4, 2, 1, '64', 1),
(1868, '2023-01-19', 4, 2, 1, '55', 1),
(1869, '2023-01-19', 4, 2, 1, '74', 1),
(1870, '2023-01-19', 3, 2, 1, '55', 1),
(1871, '2023-01-19', 3, 2, 1, '59', 1),
(1872, '2023-01-19', 3, 2, 1, '60', 1),
(1873, '2023-01-19', 4, 2, 1, '51', 1),
(1874, '2023-01-19', 3, 2, 1, '49', 1),
(1875, '2023-01-19', 3, 2, 1, '35', 1),
(1876, '2023-01-19', 4, 2, 1, '45', 1),
(1877, '2023-01-19', 4, 2, 1, '66', 1),
(1878, '2023-01-19', 4, 2, 1, '51', 1),
(1879, '2023-01-19', 5, 2, 1, '61', 1),
(1880, '2023-01-19', 4, 2, 1, '59', 1),
(1881, '2023-01-19', 4, 2, 1, '53', 1),
(1882, '2023-01-19', 4, 2, 1, '54', 1),
(1883, '2023-01-19', 4, 2, 1, '60', 1),
(1884, '2023-01-19', 4, 2, 1, '57', 1),
(1885, '2023-01-19', 5, 2, 1, '49', 1),
(1886, '2023-01-19', 1, 2, 1, '46', 1),
(1887, '2023-01-19', 4, 2, 1, '47', 1),
(1888, '2023-01-19', 4, 2, 1, '69', 1),
(1889, '2023-01-19', 4, 2, 1, '67', 1),
(1890, '2023-01-19', 3, 2, 1, '49', 1),
(1891, '2023-01-19', 4, 2, 1, '39', 1),
(1892, '2023-01-19', 4, 2, 1, '43', 1),
(1893, '2023-01-19', 3, 2, 1, '53', 1),
(1894, '2023-01-19', 4, 2, 1, '47', 1),
(1895, '2023-01-19', 4, 2, 1, '35', 1),
(1896, '2023-01-19', 3, 2, 1, '51', 1),
(1897, '2023-01-19', 2, 2, 1, '49', 1),
(1898, '2023-01-19', 4, 2, 1, '57', 1),
(1899, '2023-01-19', 2, 2, 1, '48', 1),
(1900, '2023-01-19', 4, 2, 1, '45', 1),
(1901, '2023-01-19', 1, 2, 1, '9', 1),
(1902, '2023-01-20', 3, 2, 1, '9', 1),
(1903, '2023-01-20', 3, 2, 1, '51', 1),
(1904, '2023-01-20', 5, 2, 1, '43', 1),
(1905, '2023-01-20', 4, 2, 1, '47', 1),
(1906, '2023-01-20', 4, 2, 1, '48', 1),
(1907, '2023-01-20', 4, 2, 1, '54', 1),
(1908, '2023-01-20', 4, 2, 1, '49', 1),
(1909, '2023-01-20', 3, 2, 1, '49', 1),
(1910, '2023-01-20', 3, 2, 1, '46', 1),
(1911, '2023-01-20', 4, 2, 1, '53', 1),
(1912, '2023-01-20', 4, 2, 1, '48', 1),
(1913, '2023-01-20', 4, 2, 1, '49', 1),
(1914, '2023-01-20', 4, 2, 1, '46', 1),
(1915, '2023-01-20', 6, 2, 1, '37', 1),
(1916, '2023-01-20', 5, 2, 1, '47', 1),
(1917, '2023-01-20', 3, 2, 1, '77', 1),
(1918, '2023-01-20', 4, 2, 1, '78', 1),
(1919, '2023-01-20', 5, 2, 1, '68', 1),
(1920, '2023-01-20', 4, 2, 1, '60', 1),
(1921, '2023-01-20', 3, 2, 1, '59', 1),
(1922, '2023-01-20', 4, 2, 1, '49', 1),
(1923, '2023-01-20', 7, 2, 1, '48', 1),
(1924, '2023-01-20', 6, 2, 1, '47', 1),
(1925, '2023-01-20', 8, 2, 1, '61', 1),
(1926, '2023-01-20', 3, 2, 1, '74', 1),
(1927, '2023-01-20', 3, 2, 1, '75', 1),
(1928, '2023-01-20', 8, 2, 1, '73', 1),
(1929, '2023-01-20', 7, 2, 1, '65', 1),
(1930, '2023-01-20', 4, 2, 1, '56', 1),
(1931, '2023-01-20', 5, 2, 1, '22', 1),
(1932, '2023-01-20', 4, 2, 1, '58', 1),
(1933, '2023-01-20', 5, 2, 1, '52', 1),
(1934, '2023-01-20', 7, 2, 1, '39', 1),
(1935, '2023-01-20', 7, 2, 1, '49', 1),
(1936, '2023-01-20', 8, 2, 1, '56', 1),
(1937, '2023-01-20', 3, 2, 1, '9', 1),
(1938, '2023-01-20', 6, 2, 1, '93', 1),
(1939, '2023-01-20', 3, 2, 1, '79', 1),
(1940, '2023-01-20', 4, 2, 1, '61', 1),
(1941, '2023-01-20', 3, 2, 1, '62', 1),
(1942, '2023-01-20', 4, 2, 1, '77', 1),
(1943, '2023-01-20', 4, 2, 1, '61', 1),
(1944, '2023-01-20', 4, 2, 1, '55', 1),
(1945, '2023-01-20', 3, 2, 1, '58', 1),
(1946, '2023-01-20', 3, 2, 1, '71', 1),
(1947, '2023-01-20', 7, 2, 1, '48', 1),
(1948, '2023-01-20', 5, 2, 1, '54', 1),
(1949, '2023-01-20', 5, 2, 1, '53', 1),
(1950, '2023-01-20', 5, 2, 1, '49', 1),
(1951, '2023-01-20', 5, 2, 1, '59', 1),
(1952, '2023-01-20', 6, 2, 1, '71', 1),
(1953, '2023-01-20', 4, 2, 1, '9', 1),
(1954, '2023-01-20', 4, 2, 1, '50', 1),
(1955, '2023-01-20', 5, 2, 1, '90', 1),
(1956, '2023-01-20', 4, 2, 1, '70', 1),
(1957, '2023-01-20', 5, 2, 1, '59', 1),
(1958, '2023-01-20', 5, 2, 1, '51', 1),
(1959, '2023-01-20', 5, 2, 1, '53', 1),
(1960, '2023-01-20', 4, 2, 1, '62', 1),
(1961, '2023-01-20', 4, 2, 1, '61', 1),
(1962, '2023-01-20', 3, 2, 1, '9', 1),
(1963, '2023-01-20', 4, 2, 1, '75', 1),
(1964, '2023-01-20', 4, 2, 1, '51', 1),
(1965, '2023-01-20', 3, 2, 1, '49', 1),
(1966, '2023-01-20', 4, 2, 1, '62', 1),
(1967, '2023-01-20', 5, 2, 1, '48', 1),
(1968, '2023-01-20', 1, 2, 1, '23', 1),
(1969, '2023-01-20', 2, 2, 1, '10', 1),
(1970, '2023-01-21', 3, 2, 1, '24', 1),
(1971, '2023-01-21', 3, 2, 1, '45', 1),
(1972, '2023-01-21', 3, 2, 1, '59', 1),
(1973, '2023-01-21', 2, 2, 1, '58', 1),
(1974, '2023-01-21', 4, 2, 1, '48', 1),
(1975, '2023-01-21', 4, 2, 1, '39', 1),
(1976, '2023-01-21', 4, 2, 1, '56', 1),
(1977, '2023-01-21', 7, 2, 1, '50', 1),
(1978, '2023-01-21', 3, 2, 1, '58', 1),
(1979, '2023-01-21', 5, 2, 1, '58', 1),
(1980, '2023-01-21', 4, 2, 1, '45', 1),
(1981, '2023-01-21', 3, 2, 1, '55', 1),
(1982, '2023-01-21', 2, 2, 1, '104', 1),
(1983, '2023-01-21', 3, 2, 1, '86', 1),
(1984, '2023-01-21', 3, 2, 1, '67', 1),
(1985, '2023-01-21', 3, 2, 1, '73', 1),
(1986, '2023-01-21', 3, 2, 1, '77', 1),
(1987, '2023-01-21', 3, 2, 1, '96', 1),
(1988, '2023-01-21', 5, 2, 1, '46', 1),
(1989, '2023-01-21', 4, 2, 1, '60', 1),
(1990, '2023-01-21', 5, 2, 1, '59', 1),
(1991, '2023-01-21', 6, 2, 1, '45', 1),
(1992, '2023-01-21', 3, 2, 1, '49', 1),
(1993, '2023-01-21', 4, 2, 1, '39', 1),
(1994, '2023-01-21', 6, 2, 1, '115', 1),
(1995, '2023-01-21', 7, 2, 1, '58', 1),
(1996, '2023-01-21', 5, 2, 1, '83', 1),
(1997, '2023-01-21', 3, 2, 1, '70', 1),
(1998, '2023-01-21', 4, 2, 1, '59', 1),
(1999, '2023-01-21', 4, 2, 1, '57', 1),
(2000, '2023-01-21', 7, 2, 1, '64', 1),
(2001, '2023-01-21', 7, 2, 1, '55', 1),
(2002, '2023-01-21', 3, 2, 1, '50', 1),
(2003, '2023-01-21', 2, 2, 1, '75', 1),
(2004, '2023-01-21', 4, 2, 1, '79', 1),
(2005, '2023-01-21', 5, 2, 1, '89', 1),
(2006, '2023-01-21', 3, 2, 1, '73', 1),
(2007, '2023-01-21', 5, 2, 1, '65', 1),
(2008, '2023-01-21', 4, 2, 1, '48', 1),
(2009, '2023-01-21', 3, 2, 1, '59', 1),
(2010, '2023-01-21', 3, 2, 1, '44', 1),
(2011, '2023-01-21', 4, 2, 1, '11', 1),
(2012, '2023-01-21', 5, 2, 1, '35', 1),
(2013, '2023-01-21', 5, 2, 1, '64', 1),
(2014, '2023-01-21', 6, 2, 1, '45', 1),
(2015, '2023-01-21', 4, 2, 1, '49', 1),
(2016, '2023-01-21', 4, 2, 1, '62', 1),
(2017, '2023-01-21', 5, 2, 1, '50', 1),
(2018, '2023-01-21', 4, 2, 1, '48', 1),
(2019, '2023-01-21', 7, 2, 1, '46', 1),
(2020, '2023-01-21', 6, 2, 1, '59', 1),
(2021, '2023-01-21', 4, 2, 1, '63', 1),
(2022, '2023-01-21', 3, 2, 1, '53', 1),
(2023, '2023-01-21', 3, 2, 1, '60', 1),
(2024, '2023-01-21', 4, 2, 1, '18', 1),
(2025, '2023-01-21', 4, 2, 1, '49', 1),
(2026, '2023-01-21', 5, 2, 1, '33', 1),
(2027, '2023-01-27', 4, 2, 1, '16', 1),
(2028, '2023-01-21', 4, 2, 1, '48', 1),
(2029, '2023-01-21', 3, 2, 1, '46', 1),
(2030, '2023-01-21', 4, 2, 1, '36', 1),
(2031, '2023-01-21', 4, 2, 1, '47', 1),
(2032, '2023-01-21', 4, 2, 1, '48', 1),
(2033, '2023-01-20', 4, 2, 1, '41', 1),
(2034, '2023-01-21', 5, 2, 1, '42', 1),
(2035, '2023-01-21', 5, 2, 1, '57', 1),
(2036, '2023-01-21', 5, 2, 1, '39', 1),
(2037, '2023-01-21', 3, 2, 1, '45', 1),
(2038, '2023-01-21', 4, 2, 1, '63', 1),
(2039, '2023-01-21', 4, 2, 1, '46', 1),
(2040, '2023-01-21', 7, 2, 1, '68', 1),
(2041, '2023-01-21', 4, 2, 1, '53', 1),
(2042, '2023-01-21', 7, 2, 1, '61', 1),
(2043, '2023-01-22', 4, 2, 1, '41', 1),
(2044, '2023-01-22', 5, 2, 1, '33', 1),
(2045, '2023-01-22', 5, 2, 1, '36', 1),
(2046, '2023-01-22', 9, 2, 1, '45', 1),
(2047, '2023-01-22', 5, 2, 1, '40', 1),
(2048, '2023-01-22', 3, 2, 1, '43', 1),
(2049, '2023-01-22', 2, 2, 1, '35', 1),
(2050, '2023-01-22', 3, 2, 1, '50', 1),
(2051, '2023-01-22', 3, 2, 1, '45', 1),
(2052, '2023-01-22', 2, 2, 1, '40', 1),
(2053, '2023-01-22', 2, 2, 1, '61', 1),
(2054, '2023-01-22', 3, 2, 1, '42', 1),
(2055, '2023-01-22', 3, 2, 1, '47', 1),
(2056, '2023-01-22', 3, 2, 1, '36', 1),
(2057, '2023-01-22', 2, 2, 1, '47', 1),
(2058, '2023-01-22', 2, 2, 1, '49', 1),
(2059, '2023-01-22', 3, 2, 1, '47', 1),
(2060, '2023-01-22', 3, 2, 1, '39', 1),
(2061, '2023-01-22', 3, 2, 1, '36', 1),
(2062, '2023-01-22', 3, 2, 1, '51', 1),
(2063, '2023-01-22', 3, 2, 1, '46', 1),
(2064, '2023-01-22', 3, 2, 1, '44', 1),
(2065, '2023-01-22', 6, 2, 1, '38', 1),
(2066, '2023-01-22', 3, 2, 1, '46', 1),
(2067, '2023-01-22', 4, 2, 1, '46', 1),
(2068, '2023-01-22', 4, 2, 1, '53', 1),
(2069, '2023-01-22', 6, 2, 1, '47', 1),
(2070, '2023-01-22', 5, 2, 1, '53', 1),
(2071, '2023-01-22', 6, 2, 1, '36', 1),
(2072, '2023-01-22', 3, 2, 1, '62', 1),
(2073, '2023-01-22', 7, 2, 1, '9', 1),
(2074, '2023-01-22', 5, 2, 1, '58', 1),
(2075, '2023-01-22', 5, 2, 1, '21', 1),
(2076, '2023-01-22', 4, 2, 1, '50', 1),
(2077, '2023-01-22', 6, 2, 1, '53', 1),
(2078, '2023-01-22', 6, 2, 1, '54', 1),
(2079, '2023-01-22', 7, 2, 1, '66', 1),
(2080, '2023-01-22', 7, 2, 1, '66', 1),
(2081, '2023-01-22', 5, 2, 1, '49', 1),
(2082, '2023-01-22', 3, 2, 1, '40', 1),
(2083, '2023-01-22', 3, 2, 1, '54', 1),
(2084, '2023-01-22', 4, 2, 1, '52', 1),
(2085, '2023-01-22', 7, 2, 1, '49', 1),
(2086, '2023-01-22', 3, 2, 1, '50', 1),
(2087, '2023-01-22', 3, 2, 1, '66', 1),
(2088, '2023-01-22', 4, 2, 1, '47', 1),
(2089, '2023-01-22', 3, 2, 1, '53', 1),
(2090, '2023-01-22', 5, 2, 1, '59', 1),
(2091, '2023-01-22', 3, 2, 1, '45', 1),
(2092, '2023-01-22', 5, 2, 1, '41', 1),
(2093, '2023-01-22', 4, 2, 1, '45', 1),
(2094, '2023-01-22', 4, 2, 1, '47', 1),
(2095, '2023-01-22', 5, 2, 1, '38', 1),
(2096, '2023-01-22', 6, 2, 1, '55', 1),
(2097, '2023-01-22', 4, 2, 1, '48', 1),
(2098, '2023-01-22', 5, 2, 1, '38', 1),
(2099, '2023-01-22', 4, 2, 1, '57', 1),
(2100, '2023-01-22', 4, 2, 1, '52', 1),
(2101, '2023-01-22', 4, 2, 1, '33', 1),
(2102, '2023-01-22', 4, 2, 1, '33', 1),
(2103, '2023-01-22', 4, 2, 1, '38', 1),
(2104, '2023-01-22', 5, 2, 1, '41', 1),
(2105, '2023-01-22', 5, 2, 1, '51', 1),
(2106, '2023-01-22', 4, 2, 1, '38', 1),
(2107, '2023-01-22', 5, 2, 1, '38', 1),
(2108, '2023-01-22', 5, 2, 1, '55', 1),
(2109, '2023-01-22', 6, 2, 1, '11', 1),
(2110, '2023-01-22', 1, 2, 1, '37', 1),
(2111, '2023-01-22', 5, 2, 1, '38', 1),
(2112, '2023-01-22', 4, 2, 1, '37', 1),
(2113, '2023-01-22', 4, 2, 1, '47', 1),
(2114, '2023-01-22', 1, 2, 1, '36', 1),
(2115, '2023-01-22', 4, 2, 1, '47', 1),
(2116, '2023-01-22', 3, 2, 1, '43', 1),
(2117, '2023-01-22', 4, 2, 1, '48', 1),
(2121, '2023-01-23', 3, 2, 1, '9', 1),
(2122, '2023-01-23', 4, 2, 1, '32', 1),
(2123, '2023-01-23', 4, 2, 1, '43', 1),
(2124, '2023-01-23', 4, 2, 1, '47', 1),
(2125, '2023-01-23', 5, 2, 1, '45', 1),
(2126, '2023-01-23', 5, 2, 1, '30', 1),
(2127, '2023-01-23', 5, 2, 1, '41', 1),
(2128, '2023-01-23', 6, 2, 1, '57', 1),
(2129, '2023-01-23', 3, 2, 1, '46', 1),
(2130, '2023-01-23', 5, 2, 1, '50', 1),
(2131, '2023-01-23', 3, 2, 1, '52', 1),
(2132, '2023-01-23', 5, 2, 1, '42', 1),
(2133, '2023-01-23', 5, 2, 1, '36', 1),
(2134, '2023-01-23', 4, 2, 1, '41', 1),
(2135, '2023-01-23', 4, 2, 1, '38', 1),
(2136, '2023-01-23', 3, 2, 1, '47', 1),
(2137, '2023-01-23', 3, 2, 1, '51', 1),
(2138, '2023-01-23', 5, 2, 1, '56', 1),
(2139, '2023-01-23', 3, 2, 1, '44', 1),
(2140, '2023-01-23', 4, 2, 1, '44', 1),
(2141, '2023-01-23', 3, 2, 1, '50', 1),
(2142, '2023-01-23', 5, 2, 1, '49', 1),
(2143, '2023-01-23', 5, 2, 1, '44', 1),
(2144, '2023-01-23', 4, 2, 1, '37', 1),
(2145, '2023-01-23', 6, 2, 1, '42', 1),
(2146, '2023-01-23', 5, 2, 1, '51', 1),
(2147, '2023-01-23', 5, 2, 1, '42', 1),
(2148, '2023-01-23', 6, 6, 1, '43', 1),
(2149, '2023-01-23', 6, 2, 1, '49', 1),
(2150, '2023-01-23', 6, 2, 1, '40', 1),
(2151, '2023-01-23', 3, 2, 1, '50', 1),
(2152, '2023-01-23', 4, 2, 1, '49', 1),
(2153, '2023-01-23', 5, 2, 1, '41', 1),
(2154, '2023-01-23', 4, 2, 1, '39', 1),
(2155, '2023-01-23', 3, 2, 1, '57', 1),
(2156, '2023-01-23', 3, 2, 1, '44', 1),
(2157, '2023-01-23', 5, 2, 1, '57', 1),
(2158, '2023-01-23', 5, 2, 1, '47', 1),
(2159, '2023-01-23', 4, 2, 1, '52', 1),
(2160, '2023-01-23', 7, 2, 1, '35', 1),
(2161, '2023-01-23', 4, 2, 1, '41', 1),
(2162, '2023-01-23', 5, 2, 1, '37', 1),
(2163, '2023-01-23', 5, 2, 1, '47', 1),
(2164, '2023-01-23', 5, 2, 1, '40', 1),
(2165, '2023-01-23', 4, 2, 1, '48', 1),
(2166, '2023-01-23', 5, 2, 1, '41', 1),
(2167, '2023-01-23', 5, 2, 1, '43', 1),
(2168, '2023-01-23', 5, 2, 1, '46', 1),
(2169, '2023-01-23', 5, 2, 1, '36', 1),
(2170, '2023-01-23', 2, 2, 1, '49', 1),
(2171, '2023-01-23', 6, 2, 1, '39', 1),
(2172, '2023-01-23', 4, 2, 1, '35', 1),
(2173, '2023-01-23', 3, 2, 1, '25', 1),
(2174, '2023-01-24', 5, 2, 1, '9', 1),
(2175, '2023-01-24', 4, 2, 1, '34', 1),
(2176, '2023-01-24', 5, 2, 1, '31', 1),
(2177, '2023-01-24', 5, 2, 1, '48', 1),
(2178, '2023-01-24', 4, 2, 1, '47', 1),
(2179, '2023-01-24', 4, 2, 1, '54', 1),
(2180, '2023-01-24', 4, 2, 1, '43', 1),
(2181, '2023-01-24', 5, 2, 1, '48', 1),
(2182, '2023-01-24', 6, 2, 1, '41', 1),
(2183, '2023-01-24', 3, 2, 1, '45', 1),
(2184, '2023-01-24', 4, 2, 1, '45', 1),
(2185, '2023-01-24', 3, 2, 1, '18', 1),
(2186, '2023-01-24', 4, 2, 1, '22', 1),
(2189, '2023-01-24', 4, 2, 1, '42', 1),
(2190, '2023-01-24', 3, 2, 1, '42', 1),
(2191, '2023-01-24', 3, 2, 1, '33', 1),
(2192, '2023-01-24', 5, 2, 1, '79', 1),
(2193, '2023-01-24', 5, 2, 1, '97', 1),
(2194, '2023-01-24', 7, 2, 1, '71', 1),
(2195, '2023-01-24', 5, 2, 1, '49', 1),
(2196, '2023-01-24', 7, 2, 1, '103', 1),
(2197, '2023-01-24', 4, 2, 1, '62', 1),
(2198, '2023-01-24', 4, 2, 1, '41', 1),
(2199, '2023-01-24', 5, 2, 1, '59', 1),
(2200, '2023-01-24', 4, 2, 1, '42', 1),
(2201, '2023-01-24', 9, 2, 1, '82', 1),
(2202, '2023-01-24', 4, 2, 1, '66', 1),
(2203, '2023-01-24', 5, 2, 1, '47', 1),
(2204, '2023-01-24', 5, 2, 1, '69', 1),
(2205, '2023-01-24', 4, 2, 1, '72', 1),
(2206, '2023-01-24', 3, 2, 1, '108', 1),
(2207, '2023-01-24', 4, 2, 1, '88', 1),
(2208, '2023-01-24', 5, 2, 1, '57', 1),
(2209, '2023-01-24', 4, 2, 1, '35', 1),
(2210, '2023-01-24', 5, 2, 1, '77', 1),
(2211, '2023-01-24', 4, 2, 1, '80', 1),
(2212, '2023-01-24', 4, 2, 1, '46', 1),
(2213, '2023-01-24', 6, 2, 1, '52', 1),
(2214, '2023-01-24', 4, 2, 1, '61', 1),
(2215, '2023-01-24', 5, 2, 1, '45', 1),
(2216, '2023-01-24', 4, 2, 1, '67', 1),
(2217, '2023-01-24', 4, 2, 1, '48', 1),
(2218, '2023-01-24', 5, 2, 1, '48', 1),
(2219, '2023-01-24', 4, 2, 1, '73', 1),
(2220, '2023-01-24', 5, 2, 1, '88', 1),
(2221, '2023-01-24', 4, 2, 1, '60', 1),
(2222, '2023-01-24', 5, 2, 1, '72', 1),
(2223, '2023-01-24', 4, 2, 1, '56', 1),
(2224, '2023-01-24', 5, 2, 1, '50', 1),
(2225, '2023-01-24', 3, 2, 1, '46', 1),
(2226, '2023-01-24', 4, 2, 1, '59', 1),
(2227, '2023-01-24', 3, 2, 1, '44', 1),
(2228, '2023-01-24', 7, 2, 1, '35', 1),
(2229, '2023-01-24', 7, 2, 1, '46', 1),
(2230, '2023-01-24', 4, 2, 1, '60', 1),
(2231, '2023-01-24', 5, 2, 1, '71', 1),
(2232, '2023-01-24', 5, 2, 1, '37', 1),
(2233, '2023-01-24', 3, 2, 1, '41', 1),
(2234, '2023-01-24', 3, 2, 1, '58', 1),
(2235, '2023-01-24', 3, 2, 1, '47', 1),
(2236, '2023-01-24', 3, 2, 1, '56', 1),
(2237, '2023-01-24', 2, 2, 1, '44', 1),
(2238, '2023-01-24', 4, 2, 1, '42', 1),
(2239, '2023-01-24', 4, 2, 1, '51', 1),
(2240, '2023-01-24', 1, 2, 1, '74', 1),
(2241, '2023-01-24', 4, 2, 1, '52', 1),
(2242, '2023-01-24', 3, 2, 1, '46', 1),
(2243, '2023-01-24', 2, 2, 1, '79', 1),
(2244, '2023-01-24', 4, 2, 1, '92', 1),
(2245, '2023-01-24', 1, 2, 1, '110', 1),
(2246, '2023-01-24', 4, 2, 1, '59', 1),
(2247, '2023-01-24', 1, 2, 1, '76', 1),
(2248, '2023-01-25', 4, 2, 1, '9', 1),
(2249, '2023-01-25', 4, 2, 1, '42', 1),
(2250, '2023-01-25', 4, 2, 1, '39', 1),
(2251, '2023-01-25', 3, 2, 1, '43', 1),
(2252, '2023-01-25', 4, 2, 1, '44', 1),
(2253, '2023-01-25', 4, 2, 1, '47', 1),
(2254, '2023-01-25', 4, 2, 1, '36', 1),
(2255, '2023-01-25', 4, 2, 1, '39', 1),
(2256, '2023-01-25', 3, 2, 1, '36', 1),
(2257, '2023-01-25', 4, 2, 1, '45', 1),
(2258, '2023-01-25', 3, 2, 1, '57', 1),
(2259, '2023-01-25', 6, 2, 1, '84', 1),
(2260, '2023-01-25', 4, 2, 1, '78', 1),
(2261, '2023-01-25', 5, 2, 1, '85', 1),
(2262, '2023-01-25', 4, 2, 1, '69', 1),
(2263, '2023-01-25', 3, 2, 1, '34', 1),
(2264, '2023-01-25', 4, 2, 1, '42', 1),
(2265, '2023-01-25', 3, 2, 1, '44', 1),
(2266, '2023-01-25', 4, 2, 1, '35', 1),
(2267, '2023-01-25', 4, 2, 1, '39', 1),
(2268, '2023-01-25', 4, 2, 1, '40', 1),
(2269, '2023-01-25', 4, 2, 1, '47', 1),
(2270, '2023-01-25', 4, 2, 1, '52', 1),
(2271, '2023-01-25', 4, 2, 1, '32', 1),
(2272, '2023-01-25', 3, 2, 1, '58', 1),
(2273, '2023-01-25', 4, 2, 1, '70', 1),
(2274, '2023-01-25', 4, 2, 1, '82', 1),
(2275, '2023-01-25', 4, 2, 1, '67', 1),
(2276, '2023-01-25', 3, 2, 1, '42', 1),
(2277, '2023-01-25', 4, 2, 1, '53', 1),
(2278, '2023-01-25', 4, 2, 1, '54', 1),
(2279, '2023-01-25', 5, 2, 1, '50', 1),
(2280, '2023-01-25', 5, 2, 1, '55', 1),
(2281, '2023-01-25', 6, 2, 1, '53', 1),
(2282, '2023-01-25', 3, 2, 1, '57', 1),
(2283, '2023-01-25', 4, 2, 1, '56', 1),
(2284, '2023-01-25', 4, 2, 1, '71', 1),
(2285, '2023-01-25', 3, 2, 1, '59', 1),
(2286, '2023-01-25', 5, 2, 1, '98', 1),
(2287, '2023-01-25', 5, 2, 1, '67', 1),
(2288, '2023-01-25', 5, 2, 1, '82', 1),
(2289, '2023-01-25', 4, 2, 1, '51', 1),
(2290, '2023-01-25', 6, 2, 1, '65', 1),
(2291, '2023-01-25', 3, 2, 1, '51', 1),
(2292, '2023-01-25', 5, 2, 1, '41', 1),
(2293, '2023-01-25', 3, 2, 1, '65', 1),
(2294, '2023-01-25', 3, 2, 1, '79', 1),
(2295, '2023-01-25', 5, 2, 1, '55', 1),
(2296, '2023-01-25', 7, 2, 1, '49', 1),
(2297, '2023-01-25', 4, 2, 1, '37', 1),
(2298, '2023-01-25', 3, 2, 1, '44', 1),
(2299, '2023-01-25', 4, 2, 1, '33', 1),
(2300, '2023-01-25', 4, 2, 1, '35', 1),
(2301, '2023-01-25', 5, 2, 1, '39', 1),
(2302, '2023-01-25', 5, 2, 1, '41', 1),
(2303, '2023-01-25', 5, 2, 1, '37', 1),
(2304, '2023-01-25', 4, 2, 1, '35', 1),
(2305, '2023-01-25', 3, 2, 1, '39', 1),
(2306, '2023-01-25', 4, 2, 1, '26', 1),
(2307, '2023-01-25', 5, 2, 1, '25', 1),
(2308, '2023-01-25', 5, 2, 1, '13', 1),
(2309, '2023-01-25', 5, 2, 1, '10', 1),
(2310, '2023-01-25', 5, 2, 1, '11', 1),
(2311, '2023-01-25', 5, 2, 1, '11', 1),
(2312, '2023-01-25', 6, 2, 1, '13', 1),
(2313, '2023-01-25', 5, 2, 1, '15', 1),
(2314, '2023-01-25', 3, 2, 1, '33', 1),
(2315, '2023-01-25', 4, 2, 1, '16', 1),
(2316, '2023-01-25', 4, 2, 1, '36', 1),
(2317, '2023-01-25', 1, 2, 1, '18', 1),
(2318, '2023-01-25', 2, 2, 1, '43', 1),
(2319, '2023-01-25', 3, 2, 1, '20', 1),
(2320, '2023-01-25', 5, 2, 1, '19', 1),
(2321, '2023-01-26', 4, 2, 1, '44', 1),
(2322, '2023-01-26', 4, 2, 1, '9', 1),
(2323, '2023-01-26', 5, 2, 1, '53', 1),
(2324, '2023-01-26', 4, 2, 1, '33', 1),
(2325, '2023-01-26', 3, 2, 1, '53', 1),
(2326, '2023-01-26', 3, 2, 1, '37', 1),
(2327, '2023-01-26', 4, 2, 1, '50', 1),
(2328, '2023-01-26', 4, 2, 1, '46', 1),
(2329, '2023-01-26', 7, 2, 1, '56', 1),
(2330, '2023-01-26', 4, 2, 1, '35', 1),
(2331, '2023-01-26', 4, 2, 1, '34', 1),
(2332, '2023-01-26', 6, 2, 1, '42', 1),
(2333, '2023-01-26', 7, 2, 1, '42', 1),
(2334, '2023-01-26', 6, 2, 1, '38', 1),
(2335, '2023-01-26', 8, 2, 1, '31', 1),
(2336, '2023-01-26', 4, 2, 1, '39', 1),
(2337, '2023-01-26', 3, 2, 1, '42', 1),
(2338, '2023-01-26', 5, 2, 1, '36', 1),
(2339, '2023-01-26', 8, 2, 1, '41', 1),
(2340, '2023-01-26', 5, 2, 1, '32', 1),
(2341, '2023-01-26', 8, 2, 1, '34', 1),
(2342, '2023-01-26', 8, 2, 1, '48', 1),
(2343, '2023-01-26', 7, 2, 1, '70', 1),
(2344, '2023-01-26', 8, 2, 1, '35', 1),
(2345, '2023-01-26', 5, 2, 1, '43', 1),
(2346, '2023-01-26', 4, 2, 1, '39', 1),
(2347, '2023-01-26', 5, 2, 1, '29', 1),
(2348, '2023-01-26', 5, 2, 1, '34', 1),
(2349, '2023-01-26', 5, 2, 1, '35', 1),
(2350, '2023-01-26', 7, 2, 1, '32', 1),
(2351, '2023-01-26', 4, 2, 1, '28', 1),
(2352, '2023-01-26', 4, 2, 1, '44', 1),
(2353, '2023-01-26', 6, 2, 1, '36', 1),
(2354, '2023-01-26', 5, 2, 1, '21', 1),
(2355, '2023-01-26', 4, 2, 1, '38', 1),
(2356, '2023-01-26', 5, 2, 1, '36', 1),
(2357, '2023-01-26', 7, 2, 1, '45', 1),
(2358, '2023-01-26', 9, 2, 1, '36', 1),
(2359, '2023-01-26', 5, 2, 1, '44', 1),
(2360, '2023-01-26', 5, 2, 1, '39', 1),
(2361, '2023-01-26', 8, 2, 1, '33', 1),
(2362, '2023-01-26', 5, 2, 1, '34', 1),
(2363, '2023-01-26', 8, 2, 1, '33', 1),
(2364, '2023-01-26', 5, 2, 1, '40', 1),
(2365, '2023-01-26', 7, 2, 1, '37', 1),
(2366, '2023-01-26', 8, 2, 1, '33', 1),
(2367, '2023-01-26', 5, 2, 1, '38', 1),
(2368, '2023-01-26', 4, 2, 1, '35', 1),
(2369, '2023-01-26', 5, 2, 1, '31', 1),
(2370, '2023-01-26', 5, 2, 1, '32', 1),
(2371, '2023-01-26', 5, 2, 1, '38', 1),
(2372, '2023-01-26', 5, 2, 1, '39', 1),
(2373, '2023-01-26', 5, 2, 1, '37', 1),
(2374, '2023-01-26', 5, 2, 1, '35', 1),
(2375, '2023-01-26', 6, 2, 1, '18', 1),
(2376, '2023-01-27', 5, 2, 1, '42', 1),
(2377, '2023-01-27', 3, 2, 1, '43', 1),
(2378, '2023-01-27', 4, 2, 1, '64', 1),
(2379, '2023-01-27', 5, 2, 1, '69', 1),
(2380, '2023-01-27', 5, 2, 1, '33', 1),
(2381, '2023-01-27', 5, 2, 1, '33', 1),
(2382, '2023-01-27', 5, 2, 1, '37', 1),
(2383, '2023-01-27', 7, 2, 1, '35', 1),
(2384, '2023-01-27', 4, 2, 1, '72', 1),
(2385, '2023-01-27', 4, 2, 1, '46', 1),
(2386, '2023-01-27', 7, 2, 1, '22', 1),
(2387, '2023-01-27', 5, 2, 1, '47', 1),
(2388, '2023-01-27', 5, 2, 1, '48', 1),
(2389, '2023-01-27', 3, 2, 1, '38', 1),
(2390, '2023-01-27', 2, 2, 1, '30', 1),
(2391, '2023-01-27', 8, 2, 1, '31', 1),
(2392, '2023-01-27', 3, 2, 1, '72', 1),
(2393, '2023-01-27', 4, 2, 1, '40', 1),
(2394, '2023-01-27', 3, 2, 1, '39', 1),
(2395, '2023-01-27', 3, 2, 1, '36', 1),
(2396, '2023-01-27', 3, 2, 1, '34', 1),
(2397, '2023-01-27', 4, 2, 1, '33', 1),
(2398, '2023-01-27', 3, 2, 1, '30', 1),
(2399, '2023-01-27', 4, 2, 1, '33', 1),
(2400, '2023-01-27', 4, 2, 1, '35', 1),
(2401, '2023-01-27', 4, 2, 1, '38', 1),
(2402, '2023-01-27', 5, 2, 1, '87', 1),
(2403, '2023-01-27', 5, 2, 1, '46', 1),
(2404, '2023-01-27', 5, 2, 1, '26', 1),
(2405, '2023-01-27', 4, 2, 1, '90', 1),
(2406, '2023-01-27', 3, 2, 1, '9', 1),
(2407, '2023-01-27', 5, 2, 1, '9', 1),
(2408, '2023-01-27', 4, 2, 1, '34', 1),
(2409, '2023-01-27', 3, 2, 1, '38', 1),
(2410, '2023-01-27', 3, 2, 1, '73', 1),
(2411, '2023-01-27', 3, 2, 1, '55', 1),
(2412, '2023-01-27', 5, 2, 1, '71', 1),
(2413, '2023-01-27', 5, 2, 1, '21', 1),
(2414, '2023-01-27', 4, 2, 1, '74', 1),
(2415, '2023-01-27', 5, 2, 1, '58', 1),
(2416, '2023-01-27', 3, 2, 1, '87', 1),
(2417, '2023-01-27', 4, 2, 1, '36', 1),
(2418, '2023-01-27', 3, 2, 1, '51', 1),
(2419, '2023-01-27', 4, 2, 1, '57', 1),
(2420, '2023-01-27', 4, 2, 1, '66', 1),
(2421, '2023-01-27', 5, 2, 1, '44', 1),
(2422, '2023-01-27', 4, 2, 1, '60', 1),
(2423, '2023-01-27', 4, 2, 1, '61', 1),
(2424, '2023-01-27', 4, 2, 1, '58', 1),
(2425, '2023-01-27', 4, 2, 1, '34', 1),
(2426, '2023-01-27', 4, 2, 1, '53', 1),
(2427, '2023-01-27', 4, 2, 1, '34', 1),
(2428, '2023-01-27', 4, 2, 1, '43', 1),
(2429, '2023-01-27', 4, 2, 1, '37', 1),
(2430, '2023-01-27', 4, 2, 1, '45', 1),
(2431, '2023-01-27', 5, 2, 1, '51', 1),
(2432, '2023-01-27', 5, 2, 1, '33', 1),
(2433, '2023-01-27', 4, 2, 1, '54', 1),
(2434, '2023-01-27', 5, 2, 1, '61', 1),
(2435, '2023-01-27', 3, 2, 1, '46', 1),
(2436, '2023-01-27', 3, 2, 1, '46', 1),
(2437, '2023-01-27', 3, 2, 1, '43', 1),
(2438, '2023-01-27', 4, 2, 1, '49', 1),
(2439, '2023-01-27', 4, 2, 1, '59', 1),
(2440, '2023-01-27', 3, 2, 1, '43', 1),
(2441, '2023-01-27', 4, 2, 1, '47', 1),
(2442, '2023-01-27', 3, 2, 1, '39', 1),
(2443, '2023-01-27', 7, 2, 1, '37', 1),
(2444, '2023-01-27', 4, 2, 1, '38', 1),
(2445, '2023-01-27', 6, 2, 1, '29', 1),
(2446, '2023-01-27', 1, 2, 1, '60', 1),
(2447, '2023-01-27', 4, 2, 1, '56', 1),
(2448, '2023-01-28', 3, 2, 1, '43', 1),
(2449, '2023-01-28', 4, 2, 1, '38', 1),
(2450, '2023-01-28', 5, 2, 1, '30', 1),
(2451, '2023-01-28', 5, 2, 1, '49', 1),
(2452, '2023-01-28', 6, 2, 1, '49', 1),
(2453, '2023-01-28', 6, 2, 1, '36', 1),
(2454, '2023-01-28', 3, 2, 1, '52', 1),
(2455, '2023-01-28', 4, 2, 1, '46', 1),
(2456, '2023-01-28', 5, 2, 1, '39', 1),
(2457, '2023-01-28', 2, 2, 1, '31', 1),
(2458, '2023-01-28', 5, 2, 1, '116', 1),
(2459, '2023-01-28', 3, 2, 1, '40', 1),
(2460, '2023-01-28', 7, 2, 1, '91', 1),
(2461, '2023-01-28', 5, 2, 1, '79', 1),
(2462, '2023-01-28', 5, 2, 1, '86', 1),
(2463, '2023-01-28', 7, 2, 1, '81', 1),
(2464, '2023-01-28', 8, 2, 1, '80', 1),
(2465, '2023-01-28', 5, 2, 1, '97', 1),
(2466, '2023-01-28', 4, 2, 1, '115', 1),
(2467, '2023-01-28', 9, 2, 1, '117', 1),
(2468, '2023-01-28', 8, 2, 1, '62', 1),
(2469, '2023-01-28', 5, 2, 1, '101', 1),
(2470, '2023-01-28', 5, 2, 1, '61', 1),
(2471, '2023-01-28', 4, 2, 1, '65', 1),
(2472, '2023-01-28', 4, 2, 1, '57', 1),
(2473, '2023-01-28', 7, 2, 1, '95', 1),
(2474, '2023-01-28', 5, 2, 1, '116', 1),
(2475, '2023-01-28', 6, 2, 1, '85', 1),
(2476, '2023-01-28', 7, 2, 1, '75', 1),
(2477, '2023-01-28', 5, 2, 1, '71', 1),
(2478, '2023-01-28', 6, 2, 1, '94', 1),
(2479, '2023-01-28', 5, 2, 1, '86', 1),
(2480, '2023-01-28', 7, 2, 1, '114', 1),
(2481, '2023-01-28', 5, 2, 1, '76', 1),
(2482, '2023-01-28', 4, 2, 1, '77', 1),
(2483, '2023-01-28', 4, 2, 1, '83', 1),
(2484, '2023-01-28', 6, 2, 1, '73', 1),
(2485, '2023-01-28', 5, 2, 1, '49', 1),
(2486, '2023-01-28', 4, 2, 1, '99', 1),
(2487, '2023-01-28', 7, 2, 1, '81', 1),
(2488, '2023-01-28', 4, 2, 1, '57', 1),
(2489, '2023-01-28', 5, 2, 1, '91', 1),
(2490, '2023-01-28', 4, 2, 1, '110', 1),
(2491, '2023-01-28', 4, 2, 1, '73', 1),
(2492, '2023-01-28', 4, 2, 1, '84', 1),
(2493, '2023-01-28', 5, 2, 1, '83', 1),
(2494, '2023-01-28', 6, 2, 1, '95', 1),
(2495, '2023-01-28', 5, 2, 1, '62', 1),
(2496, '2023-01-28', 4, 2, 1, '81', 1),
(2497, '2023-01-28', 5, 2, 1, '77', 1),
(2498, '2023-01-28', 6, 2, 1, '71', 1),
(2499, '2023-01-28', 4, 2, 1, '64', 1),
(2500, '2023-01-28', 4, 2, 1, '103', 1),
(2501, '2023-01-28', 4, 2, 1, '53', 1),
(2502, '2023-01-28', 4, 2, 1, '87', 1);
INSERT INTO `penjualan` (`id_penjualan`, `tanggal`, `qty`, `id_galon`, `id_user`, `id_konsumen`, `status`) VALUES
(2503, '2023-01-28', 4, 2, 1, '90', 1),
(2504, '2023-01-28', 6, 2, 1, '41', 1),
(2505, '2023-01-28', 1, 2, 1, '9', 1),
(2506, '2023-01-29', 4, 2, 1, '43', 1),
(2507, '2023-01-29', 5, 2, 1, '36', 1),
(2508, '2023-01-29', 5, 2, 1, '47', 1),
(2509, '2023-01-29', 5, 2, 1, '48', 1),
(2510, '2023-01-29', 5, 2, 1, '50', 1),
(2511, '2023-01-29', 5, 2, 1, '45', 1),
(2512, '2023-01-29', 4, 2, 1, '56', 1),
(2513, '2023-01-29', 5, 2, 1, '53', 1),
(2514, '2023-01-29', 4, 2, 1, '43', 1),
(2515, '2023-01-29', 6, 2, 1, '49', 1),
(2516, '2023-01-29', 5, 2, 1, '52', 1),
(2517, '2023-01-29', 5, 2, 1, '50', 1),
(2518, '2023-01-29', 6, 2, 1, '57', 1),
(2519, '2023-01-29', 5, 2, 1, '49', 1),
(2520, '2023-01-29', 5, 2, 1, '37', 1),
(2521, '2023-01-29', 5, 2, 1, '37', 1),
(2522, '2023-01-29', 5, 2, 1, '35', 1),
(2523, '2023-01-29', 4, 2, 1, '59', 1),
(2524, '2023-01-29', 5, 2, 1, '64', 1),
(2525, '2023-01-29', 4, 2, 1, '80', 1),
(2526, '2023-01-29', 4, 2, 1, '55', 1),
(2527, '2023-01-29', 5, 2, 1, '52', 1),
(2528, '2023-01-29', 4, 2, 1, '35', 1),
(2529, '2023-01-29', 6, 2, 1, '53', 1),
(2530, '2023-01-29', 5, 2, 1, '53', 1),
(2531, '2023-01-29', 4, 2, 1, '43', 1),
(2532, '2023-01-29', 7, 2, 1, '44', 1),
(2533, '2023-01-29', 5, 2, 1, '61', 1),
(2534, '2023-01-29', 5, 2, 1, '65', 1),
(2535, '2023-01-29', 5, 2, 1, '54', 1),
(2536, '2023-01-29', 5, 2, 1, '46', 1),
(2537, '2023-01-29', 6, 2, 1, '46', 1),
(2538, '2023-01-29', 5, 2, 1, '44', 1),
(2539, '2023-01-29', 5, 2, 1, '39', 1),
(2540, '2023-01-29', 5, 2, 1, '45', 1),
(2541, '2023-01-29', 5, 2, 1, '51', 1),
(2542, '2023-01-29', 6, 2, 1, '65', 1),
(2543, '2023-01-29', 5, 2, 1, '51', 1),
(2544, '2023-01-29', 3, 2, 1, '62', 1),
(2545, '', 4, 2, 1, '43', 1),
(2546, '2023-01-29', 4, 2, 1, '52', 1),
(2547, '2023-01-29', 5, 2, 1, '55', 1),
(2548, '2023-01-29', 5, 2, 1, '43', 1),
(2549, '2023-01-29', 5, 2, 1, '50', 1),
(2550, '2023-01-29', 4, 2, 1, '50', 1),
(2551, '2023-01-29', 6, 2, 1, '102', 1),
(2552, '2023-01-29', 4, 2, 1, '42', 1),
(2553, '2023-01-29', 5, 2, 1, '67', 1),
(2554, '2023-01-29', 4, 2, 1, '74', 1),
(2555, '2023-01-29', 6, 2, 1, '39', 1),
(2556, '2023-01-29', 7, 2, 1, '40', 1),
(2557, '2023-01-29', 6, 2, 1, '52', 1),
(2558, '2023-01-29', 5, 2, 1, '41', 1),
(2559, '2023-01-29', 6, 2, 1, '39', 1),
(2560, '2023-01-29', 4, 2, 1, '44', 1),
(2561, '2023-01-29', 5, 2, 1, '37', 1),
(2562, '2023-01-29', 5, 2, 1, '85', 1),
(2563, '2023-01-29', 5, 2, 1, '72', 1),
(2564, '2023-01-29', 5, 2, 1, '77', 1),
(2565, '2023-01-29', 5, 2, 1, '59', 1),
(2566, '2023-01-29', 5, 2, 1, '38', 1),
(2567, '2023-01-29', 3, 2, 1, '39', 1),
(2568, '2023-01-29', 2, 2, 1, '32', 1),
(2569, '2023-01-29', 1, 2, 1, '26', 1),
(2570, '2023-01-30', 4, 2, 1, '46', 1),
(2571, '2023-01-30', 4, 2, 1, '43', 1),
(2572, '2023-01-30', 3, 2, 1, '34', 1),
(2573, '2023-01-30', 4, 2, 1, '54', 1),
(2574, '2023-01-30', 6, 2, 1, '38', 1),
(2575, '2023-01-30', 6, 2, 1, '38', 1),
(2576, '2023-01-30', 6, 2, 1, '46', 1),
(2577, '2023-01-30', 7, 2, 1, '46', 1),
(2578, '2023-01-30', 7, 2, 1, '45', 1),
(2579, '2023-01-30', 6, 2, 1, '35', 1),
(2580, '2023-01-30', 6, 2, 1, '35', 1),
(2581, '2023-01-30', 6, 2, 1, '38', 1),
(2582, '2023-01-30', 5, 2, 1, '47', 1),
(2583, '2023-01-30', 6, 2, 1, '44', 1),
(2584, '2023-01-30', 3, 2, 1, '46', 1),
(2585, '2023-01-30', 6, 2, 1, '47', 1),
(2586, '2023-01-30', 6, 2, 1, '46', 1),
(2587, '2023-01-30', 9, 2, 1, '42', 1),
(2588, '2023-01-30', 4, 2, 1, '36', 1),
(2589, '2023-01-30', 9, 2, 1, '31', 1),
(2590, '2023-01-30', 7, 2, 1, '44', 1),
(2591, '2023-01-30', 5, 2, 1, '39', 1),
(2592, '2023-01-30', 6, 2, 1, '38', 1),
(2593, '', 4, 2, 1, '42', 1),
(2594, '2023-01-30', 4, 2, 1, '41', 1),
(2595, '2023-01-30', 5, 2, 1, '33', 1),
(2596, '2023-01-30', 4, 2, 1, '38', 1),
(2597, '2023-01-30', 4, 2, 1, '35', 1),
(2598, '2023-01-30', 3, 2, 1, '44', 1),
(2599, '2023-01-30', 4, 2, 1, '32', 1),
(2600, '2023-01-30', 5, 2, 1, '44', 1),
(2601, '2023-01-30', 5, 2, 1, '44', 1),
(2602, '2023-01-30', 3, 2, 1, '37', 1),
(2603, '2023-01-30', 4, 2, 1, '38', 1),
(2604, '2023-01-30', 5, 2, 1, '44', 1),
(2605, '2023-01-30', 5, 2, 1, '33', 1),
(2606, '2023-01-30', 6, 2, 1, '47', 1),
(2607, '2023-01-30', 5, 2, 1, '105', 1),
(2608, '2023-01-30', 5, 2, 1, '77', 1),
(2609, '2023-01-30', 7, 2, 1, '67', 1),
(2610, '2023-01-30', 5, 2, 1, '63', 1),
(2611, '2023-01-30', 7, 2, 1, '75', 1),
(2612, '2023-01-30', 8, 2, 1, '74', 1),
(2613, '2023-01-30', 5, 2, 1, '61', 1),
(2614, '2023-01-30', 5, 2, 1, '46', 1),
(2615, '2023-01-30', 6, 2, 1, '53', 1),
(2616, '2023-01-30', 7, 2, 1, '50', 1),
(2617, '2023-01-30', 7, 2, 1, '49', 1),
(2618, '2023-01-30', 3, 2, 1, '66', 1),
(2619, '2023-01-30', 5, 2, 1, '38', 1),
(2620, '2023-01-30', 7, 2, 1, '38', 1),
(2621, '2023-01-30', 5, 2, 1, '111', 1),
(2622, '2023-01-30', 7, 2, 1, '40', 1),
(2623, '2023-01-30', 6, 2, 1, '44', 1),
(2624, '', 7, 2, 1, '9', 1),
(2625, '2023-01-30', 6, 2, 1, '43', 1),
(2626, '2023-01-30', 7, 2, 1, '38', 1),
(2627, '2023-01-30', 7, 2, 1, '40', 1),
(2628, '2023-01-30', 4, 2, 1, '39', 1),
(2629, '2023-01-31', 5, 2, 1, '119', 1),
(2630, '2023-01-31', 5, 2, 1, '120', 1),
(2631, '2023-01-31', 5, 2, 1, '121', 1),
(2632, '2023-01-31', 4, 2, 1, '121', 1),
(2633, '2023-01-31', 7, 2, 1, '122', 1),
(2634, '2023-01-31', 6, 2, 1, '99', 1),
(2635, '2023-01-31', 4, 2, 1, '78', 1),
(2636, '2023-01-31', 4, 2, 1, '45', 1),
(2637, '2023-01-31', 4, 2, 1, '62', 1),
(2638, '2023-01-31', 7, 2, 1, '77', 1),
(2639, '2023-01-31', 4, 2, 1, '69', 1),
(2640, '2023-01-31', 4, 2, 1, '66', 1),
(2641, '2023-01-31', 3, 2, 1, '51', 1),
(2642, '2023-01-31', 7, 2, 1, '68', 1),
(2643, '2023-01-31', 3, 2, 1, '81', 1),
(2644, '2023-01-31', 3, 2, 1, '84', 1),
(2645, '2023-01-31', 4, 2, 1, '73', 1),
(2646, '2023-01-31', 3, 2, 1, '70', 1),
(2647, '2023-01-31', 3, 2, 1, '77', 1),
(2648, '2023-01-31', 4, 2, 1, '71', 1),
(2649, '2023-01-31', 4, 2, 1, '69', 1),
(2650, '2023-01-31', 5, 2, 1, '80', 1),
(2651, '2023-01-31', 3, 2, 1, '69', 1),
(2652, '2023-01-31', 5, 2, 1, '61', 1),
(2653, '2023-01-31', 5, 2, 1, '94', 1),
(2654, '2023-01-31', 5, 2, 1, '56', 1),
(2655, '2023-01-31', 4, 2, 1, '88', 1),
(2656, '2023-01-31', 4, 2, 1, '58', 1),
(2657, '2023-01-31', 4, 2, 1, '71', 1),
(2658, '2023-01-31', 4, 2, 1, '81', 1),
(2659, '2023-01-31', 4, 2, 1, '97', 1),
(2660, '2023-01-31', 4, 2, 1, '93', 1),
(2661, '2023-01-31', 4, 2, 1, '83', 1),
(2662, '2023-01-31', 4, 2, 1, '81', 1),
(2663, '2023-01-31', 4, 2, 1, '72', 1),
(2664, '2023-01-31', 3, 2, 1, '72', 1),
(2665, '2023-01-31', 4, 2, 1, '65', 1),
(2666, '2023-01-31', 4, 2, 1, '122', 1),
(2667, '2023-01-31', 4, 2, 1, '119', 1),
(2668, '2023-01-31', 5, 2, 1, '120', 1),
(2669, '2023-01-31', 4, 2, 1, '121', 1),
(2670, '2023-01-31', 3, 2, 1, '46', 1),
(2671, '2023-01-31', 4, 2, 1, '47', 1),
(2672, '2023-01-31', 4, 2, 1, '73', 1),
(2673, '2023-01-31', 4, 2, 1, '70', 1),
(2674, '2023-01-31', 4, 2, 1, '64', 1),
(2675, '2023-01-31', 5, 2, 1, '48', 1),
(2676, '2023-01-31', 5, 2, 1, '49', 1),
(2677, '2023-01-31', 4, 2, 1, '64', 1),
(2678, '2023-01-31', 4, 2, 1, '94', 1),
(2679, '2023-01-31', 3, 2, 1, '67', 1),
(2680, '2023-01-31', 4, 2, 1, '73', 1),
(2681, '2023-01-31', 4, 2, 1, '123', 1),
(2682, '2023-01-31', 3, 2, 1, '79', 1),
(2683, '2023-01-31', 4, 2, 1, '116', 1),
(2684, '2023-01-31', 5, 2, 1, '118', 1),
(2685, '2023-01-31', 5, 2, 1, '119', 1),
(2686, '2023-01-31', 5, 2, 1, '76', 1),
(2687, '2023-01-31', 5, 2, 1, '59', 1),
(2688, '2023-01-31', 4, 2, 1, '78', 1),
(2689, '2023-01-31', 5, 2, 1, '89', 1),
(2690, '2023-01-31', 5, 2, 1, '123', 1),
(2691, '2023-01-31', 5, 2, 1, '66', 1),
(2692, '2023-01-31', 5, 2, 1, '82', 1),
(2693, '2023-01-31', 7, 2, 1, '65', 1),
(2694, '', 6, 2, 1, '56', 1),
(2695, '2023-01-31', 4, 2, 1, '50', 1),
(2696, '2023-01-31', 4, 2, 1, '75', 1),
(2697, '2023-01-31', 7, 2, 1, '62', 1),
(2698, '2023-01-31', 4, 2, 1, '67', 1),
(2747, '2023-02-01', 4, 2, 1, '40', 1),
(2748, '2023-02-01', 4, 2, 1, '45', 1),
(2749, '2023-02-01', 3, 2, 1, '9', 1),
(2750, '2023-02-01', 3, 2, 1, '26', 1),
(2751, '2023-02-01', 3, 2, 1, '119', 1),
(2752, '2023-02-01', 4, 2, 1, '120', 1),
(2753, '2023-02-01', 3, 2, 1, '121', 1),
(2754, '2023-02-01', 4, 2, 1, '122', 1),
(2755, '2023-02-01', 3, 2, 1, '123', 1),
(2756, '2023-02-01', 4, 2, 1, '123', 1),
(2757, '2023-02-01', 3, 2, 1, '51', 1),
(2758, '2023-02-01', 3, 2, 1, '50', 1),
(2759, '2023-02-01', 4, 2, 1, '62', 1),
(2760, '2023-02-01', 3, 2, 1, '58', 1),
(2761, '2023-02-01', 3, 2, 1, '65', 1),
(2762, '2023-02-01', 2, 2, 1, '60', 1),
(2763, '2023-02-01', 3, 2, 1, '71', 1),
(2764, '2023-02-01', 2, 2, 1, '69', 1),
(2765, '2023-02-01', 3, 2, 1, '61', 1),
(2766, '2023-02-01', 3, 2, 1, '51', 1),
(2767, '2023-02-01', 3, 2, 1, '57', 1),
(2768, '2023-02-01', 3, 2, 1, '60', 1),
(2769, '2023-02-01', 2, 2, 1, '45', 1),
(2770, '2023-02-01', 2, 2, 1, '65', 1),
(2771, '2023-02-01', 2, 2, 1, '65', 1),
(2772, '2023-02-01', 2, 2, 1, '66', 1),
(2773, '2023-02-01', 3, 2, 1, '68', 1),
(2774, '2023-02-01', 2, 2, 1, '59', 1),
(2775, '2023-02-01', 3, 2, 1, '50', 1),
(2776, '2023-02-01', 2, 2, 1, '50', 1),
(2777, '2023-02-01', 3, 2, 1, '66', 1),
(2778, '2023-02-01', 3, 2, 1, '94', 1),
(2779, '2023-02-01', 3, 2, 1, '74', 1),
(2780, '2023-02-01', 3, 2, 1, '77', 1),
(2781, '2023-02-01', 3, 2, 1, '67', 1),
(2782, '2023-02-01', 3, 2, 1, '86', 1),
(2783, '2023-02-01', 4, 2, 1, '61', 1),
(2784, '2023-02-01', 4, 2, 1, '55', 1),
(2785, '2023-02-01', 3, 2, 1, '70', 1),
(2786, '2023-02-01', 3, 2, 1, '72', 1),
(2787, '2023-02-01', 4, 2, 1, '55', 1),
(2788, '2023-02-01', 4, 2, 1, '46', 1),
(2789, '2023-02-01', 5, 2, 1, '47', 1),
(2790, '2023-02-01', 3, 2, 1, '60', 1),
(2791, '2023-02-01', 4, 2, 1, '57', 1),
(2792, '2023-02-01', 3, 2, 1, '91', 1),
(2793, '2023-02-01', 4, 2, 1, '94', 1),
(2794, '2023-02-01', 3, 2, 1, '46', 1),
(2795, '2023-02-01', 3, 2, 1, '56', 1),
(2796, '2023-02-01', 3, 2, 1, '52', 1),
(2797, '2023-02-01', 3, 2, 1, '72', 1),
(2798, '2023-02-01', 4, 2, 1, '80', 1),
(2799, '2023-02-01', 2, 2, 1, '54', 1),
(2800, '2023-02-01', 6, 2, 1, '65', 1),
(2801, '2023-02-01', 3, 2, 1, '85', 1),
(2802, '2023-02-01', 4, 2, 1, '49', 1),
(2803, '2023-02-01', 4, 2, 1, '53', 1),
(2804, '2023-02-01', 4, 2, 1, '49', 1),
(2805, '2023-02-01', 5, 2, 1, '36', 1),
(2806, '2023-02-01', 4, 2, 1, '49', 1),
(2807, '2023-02-01', 4, 2, 1, '49', 1),
(2808, '2023-02-01', 3, 2, 1, '61', 1),
(2809, '2023-02-01', 3, 2, 1, '105', 1),
(2810, '2023-02-01', 2, 2, 1, '19', 1),
(2811, '2023-02-01', 4, 2, 1, '13', 1),
(2812, '2023-02-01', 4, 2, 1, '24', 1),
(2813, '2023-02-01', 4, 2, 1, '11', 1),
(2814, '2023-02-01', 3, 2, 1, '10', 1),
(2815, '2023-02-01', 3, 2, 1, '26', 1),
(2816, '2023-02-01', 4, 2, 1, '27', 1),
(2817, '2023-02-01', 4, 2, 1, '15', 1),
(2818, '2023-02-01', 3, 2, 1, '20', 1),
(2819, '2023-02-01', 4, 2, 1, '21', 1),
(2820, '2023-02-01', 4, 2, 1, '22', 1),
(2821, '2023-02-01', 5, 2, 1, '28', 1),
(2822, '2023-02-01', 5, 2, 1, '38', 1),
(2823, '2023-02-01', 4, 2, 1, '34', 1),
(2824, '2023-02-01', 4, 2, 1, '40', 1),
(2825, '2023-02-01', 4, 2, 1, '37', 1),
(2826, '2023-02-01', 3, 2, 1, '38', 1),
(2827, '2023-02-01', 3, 2, 1, '25', 1),
(2828, '2023-02-01', 5, 2, 1, '33', 1),
(2829, '2023-02-01', 4, 2, 1, '37', 1),
(2830, '2023-02-01', 4, 2, 1, '38', 1),
(2831, '2023-02-01', 5, 2, 1, '48', 1),
(2832, '2023-02-01', 3, 2, 1, '31', 1),
(2833, '2023-02-01', 3, 2, 1, '36', 1),
(2834, '2023-02-01', 4, 2, 1, '42', 1),
(2835, '2023-02-01', 4, 2, 1, '35', 1),
(2836, '2023-02-01', 1, 2, 1, '50', 1),
(2837, '2023-02-02', 4, 2, 1, '124', 1),
(2838, '2023-02-02', 3, 2, 1, '9', 1),
(2839, '2023-02-02', 2, 2, 1, '27', 1),
(2840, '2023-02-02', 3, 2, 1, '49', 1),
(2841, '2023-02-02', 2, 2, 1, '52', 1),
(2842, '2023-02-02', 3, 2, 1, '67', 1),
(2843, '2023-02-02', 2, 2, 1, '62', 1),
(2844, '2023-02-02', 2, 2, 1, '53', 1),
(2845, '2023-02-02', 3, 2, 1, '51', 1),
(2846, '2023-02-02', 3, 2, 1, '58', 1),
(2847, '2023-02-02', 4, 2, 1, '59', 1),
(2848, '2023-02-02', 3, 2, 1, '46', 1),
(2849, '2023-02-02', 5, 2, 1, '50', 1),
(2850, '2023-02-02', 4, 2, 1, '42', 1),
(2851, '2023-02-02', 3, 2, 1, '44', 1),
(2852, '2023-02-02', 4, 2, 1, '54', 1),
(2853, '2023-02-02', 3, 2, 1, '70', 1),
(2854, '2023-02-02', 3, 2, 1, '48', 1),
(2855, '2023-02-02', 3, 2, 1, '59', 1),
(2856, '2023-02-02', 2, 2, 1, '58', 1),
(2857, '2023-02-02', 3, 2, 1, '61', 1),
(2858, '2023-02-02', 3, 2, 1, '50', 1),
(2859, '2023-02-02', 3, 2, 1, '50', 1),
(2860, '2023-02-02', 2, 2, 1, '35', 1),
(2861, '2023-02-02', 2, 2, 1, '99', 1),
(2862, '2023-02-02', 2, 2, 1, '57', 1),
(2863, '2023-02-02', 3, 2, 1, '86', 1),
(2864, '2023-02-02', 2, 2, 1, '96', 1),
(2865, '2023-02-02', 3, 2, 1, '65', 1),
(2866, '2023-02-02', 3, 2, 1, '70', 1),
(2867, '2023-02-02', 3, 2, 1, '53', 1),
(2868, '2023-02-02', 3, 2, 1, '55', 1),
(2869, '2023-02-02', 2, 2, 1, '83', 1),
(2870, '2023-02-02', 3, 2, 1, '69', 1),
(2871, '2023-02-02', 3, 2, 1, '60', 1),
(2872, '2023-02-02', 2, 2, 1, '64', 1),
(2873, '2023-02-02', 2, 2, 1, '47', 1),
(2874, '2023-02-02', 3, 2, 1, '68', 1),
(2875, '2023-02-02', 3, 2, 1, '65', 1),
(2876, '2023-02-02', 2, 2, 1, '64', 1),
(2877, '2023-02-02', 3, 2, 1, '61', 1),
(2878, '2023-02-02', 3, 2, 1, '60', 1),
(2879, '2023-02-02', 2, 2, 1, '66', 1),
(2880, '2023-02-02', 2, 2, 1, '62', 1),
(2881, '2023-02-02', 4, 2, 1, '45', 1),
(2882, '2023-02-02', 3, 2, 1, '60', 1),
(2883, '2023-02-02', 4, 2, 1, '79', 1),
(2884, '2023-02-02', 3, 2, 1, '64', 1),
(2885, '2023-02-02', 4, 2, 1, '54', 1),
(2886, '2023-02-02', 3, 2, 1, '63', 1),
(2887, '2023-02-02', 3, 2, 1, '57', 1),
(2888, '2023-02-02', 3, 2, 1, '51', 1),
(2889, '2023-02-02', 4, 2, 1, '56', 1),
(2890, '2023-02-02', 3, 2, 1, '60', 1),
(2891, '2023-02-02', 3, 2, 1, '67', 1),
(2892, '2023-02-02', 3, 2, 1, '57', 1),
(2893, '2023-02-02', 3, 2, 1, '57', 1),
(2894, '2023-02-02', 3, 2, 1, '53', 1),
(2895, '2023-02-02', 3, 2, 1, '119', 1),
(2896, '2023-02-02', 4, 2, 1, '123', 1),
(2897, '2023-02-02', 3, 2, 1, '122', 1),
(2898, '2023-02-02', 3, 2, 1, '46', 1),
(2899, '2023-02-02', 3, 2, 1, '121', 1),
(2900, '2023-02-02', 3, 2, 1, '124', 1),
(2901, '2023-02-02', 4, 2, 1, '123', 1),
(2902, '2023-02-02', 3, 2, 1, '113', 1),
(2903, '2023-02-02', 3, 2, 1, '117', 1),
(2904, '2023-02-02', 3, 2, 1, '57', 1),
(2905, '2023-02-02', 3, 2, 1, '50', 1),
(2906, '2023-02-02', 4, 2, 1, '46', 1),
(2907, '2023-02-02', 3, 2, 1, '62', 1),
(2908, '2023-02-02', 3, 2, 1, '84', 1),
(2909, '2023-02-02', 3, 2, 1, '111', 1),
(2910, '2023-02-02', 3, 2, 1, '41', 1),
(2911, '2023-02-02', 3, 2, 1, '43', 1),
(2912, '2023-02-02', 3, 2, 1, '38', 1),
(2913, '2023-02-02', 3, 2, 1, '53', 1),
(2914, '2023-02-02', 3, 2, 1, '98', 1),
(2915, '2023-02-02', 3, 2, 1, '53', 1),
(2916, '2023-02-02', 3, 2, 1, '63', 1),
(2917, '2023-02-02', 2, 2, 1, '68', 1),
(2918, '2023-02-02', 3, 2, 1, '81', 1),
(2919, '2023-02-02', 3, 2, 1, '57', 1),
(2920, '2023-02-02', 3, 2, 1, '62', 1),
(2921, '2023-02-02', 4, 2, 1, '65', 1),
(2922, '2023-02-02', 3, 2, 1, '93', 1),
(2923, '2023-02-02', 2, 2, 1, '94', 1),
(2924, '2023-02-02', 3, 2, 1, '50', 1),
(2925, '2023-02-02', 5, 2, 1, '121', 1),
(2926, '2023-02-02', 3, 2, 1, '79', 1),
(2927, '2023-02-02', 3, 2, 1, '51', 1),
(2928, '2023-02-02', 4, 2, 1, '82', 1),
(2929, '2023-02-02', 3, 2, 1, '52', 1),
(2930, '2023-02-02', 3, 2, 1, '55', 1),
(2931, '2023-02-02', 5, 2, 1, '68', 1),
(2932, '2023-02-02', 5, 2, 1, '51', 1),
(2933, '2023-02-02', 3, 2, 1, '111', 1),
(2934, '2023-02-02', 4, 2, 1, '81', 1),
(2935, '2023-02-02', 4, 2, 1, '77', 1),
(2936, '2023-02-02', 3, 2, 1, '101', 1),
(2937, '2023-02-02', 4, 2, 1, '121', 1),
(2938, '2023-02-02', 4, 2, 1, '119', 1),
(2939, '2023-02-02', 3, 2, 1, '45', 1),
(2940, '2023-02-02', 3, 2, 1, '113', 1),
(2941, '2023-02-03', 3, 2, 1, '26', 1),
(2942, '2023-02-03', 3, 2, 1, '25', 1),
(2943, '2023-02-03', 3, 2, 1, '28', 1),
(2944, '2023-02-03', 3, 2, 1, '48', 1),
(2945, '2023-02-03', 3, 2, 1, '51', 1),
(2946, '2023-02-03', 3, 2, 1, '50', 1),
(2947, '2023-02-02', 3, 2, 1, '38', 1),
(2948, '2023-02-03', 3, 2, 1, '67', 1),
(2949, '2023-02-03', 4, 2, 1, '9', 1),
(2950, '2023-02-03', 3, 2, 1, '61', 1),
(2951, '2023-02-03', 4, 2, 1, '50', 1),
(2952, '2023-02-03', 3, 2, 1, '63', 1),
(2953, '2023-02-03', 4, 2, 1, '78', 1),
(2954, '2023-02-03', 4, 2, 1, '68', 1),
(2955, '2023-02-03', 3, 2, 1, '66', 1),
(2956, '2023-02-03', 3, 2, 1, '73', 1),
(2957, '2023-02-03', 3, 2, 1, '48', 1),
(2958, '2023-02-03', 5, 2, 1, '72', 1),
(2959, '2023-02-03', 3, 2, 1, '52', 1),
(2960, '2023-02-03', 3, 2, 1, '74', 1),
(2961, '2023-02-03', 4, 2, 1, '68', 1),
(2962, '2023-02-03', 4, 2, 1, '66', 1),
(2963, '2023-02-03', 3, 2, 1, '63', 1),
(2964, '2023-02-03', 3, 2, 1, '51', 1),
(2965, '2023-02-03', 3, 2, 1, '50', 1),
(2966, '2023-02-03', 3, 2, 1, '9', 1),
(2967, '2023-02-03', 3, 2, 1, '77', 1),
(2968, '2023-02-03', 3, 2, 1, '70', 1),
(2969, '2023-02-03', 4, 2, 1, '92', 1),
(2970, '2023-02-03', 4, 2, 1, '52', 1),
(2971, '2023-02-03', 3, 2, 1, '64', 1),
(2972, '2023-02-03', 4, 2, 1, '59', 1),
(2973, '2023-02-03', 3, 2, 1, '53', 1),
(2974, '2023-02-03', 4, 2, 1, '84', 1),
(2975, '2023-02-03', 3, 2, 1, '45', 1),
(2976, '2023-02-03', 4, 2, 1, '59', 1),
(2977, '2023-02-03', 4, 2, 1, '62', 1),
(2978, '2023-02-03', 3, 2, 1, '87', 1),
(2979, '2023-02-03', 5, 2, 1, '20', 1),
(2980, '2023-02-03', 3, 2, 1, '37', 1),
(2981, '2023-02-03', 4, 2, 1, '56', 1),
(2982, '2023-02-03', 4, 2, 1, '35', 1),
(2983, '2023-02-03', 4, 2, 1, '49', 1),
(2984, '2023-02-03', 4, 2, 1, '60', 1),
(2985, '2023-02-03', 4, 2, 1, '46', 1),
(2986, '2023-02-03', 3, 2, 1, '38', 1),
(2987, '2023-02-03', 3, 2, 1, '68', 1),
(2988, '2023-02-03', 4, 2, 1, '61', 1),
(2989, '2023-02-03', 3, 2, 1, '62', 1),
(2990, '2023-02-03', 3, 2, 1, '60', 1),
(2991, '2023-02-03', 3, 2, 1, '50', 1),
(2992, '2023-02-03', 4, 2, 1, '57', 1),
(2993, '2023-02-03', 4, 2, 1, '40', 1),
(2994, '2023-02-03', 4, 2, 1, '52', 1),
(2995, '2023-02-03', 2, 2, 1, '54', 1),
(2996, '2023-02-03', 3, 2, 1, '40', 1),
(2997, '2023-02-03', 2, 2, 1, '45', 1),
(2998, '2023-02-03', 3, 2, 1, '77', 1),
(2999, '2023-02-03', 5, 2, 1, '65', 1),
(3000, '2023-02-03', 4, 2, 1, '99', 1),
(3001, '2023-02-03', 4, 2, 1, '90', 1),
(3002, '2023-02-03', 4, 2, 1, '67', 1),
(3003, '2023-02-03', 4, 2, 1, '73', 1),
(3004, '2023-02-03', 4, 2, 1, '60', 1),
(3005, '2023-02-03', 4, 2, 1, '48', 1),
(3006, '2023-02-03', 4, 2, 1, '48', 1),
(3007, '2023-02-03', 3, 2, 1, '41', 1),
(3008, '2023-02-03', 4, 2, 1, '35', 1),
(3009, '2023-02-03', 4, 2, 1, '36', 1),
(3010, '2023-02-03', 4, 2, 1, '46', 1),
(3011, '2023-02-03', 4, 2, 1, '24', 1),
(3012, '2023-02-03', 3, 2, 1, '51', 1),
(3013, '2023-02-03', 5, 2, 1, '62', 1),
(3014, '2023-02-03', 3, 2, 1, '73', 1),
(3015, '2023-02-03', 4, 2, 1, '71', 1),
(3016, '2023-02-03', 3, 2, 1, '57', 1),
(3017, '2023-02-03', 4, 2, 1, '49', 1),
(3018, '2023-02-03', 3, 2, 1, '63', 1),
(3019, '2023-02-03', 3, 2, 1, '54', 1),
(3020, '2023-02-03', 5, 2, 1, '64', 1),
(3021, '2023-02-03', 3, 2, 1, '45', 1),
(3022, '2023-02-03', 3, 2, 1, '36', 1),
(3023, '2023-02-03', 3, 2, 1, '31', 1),
(3024, '2023-02-03', 4, 2, 1, '36', 1),
(3025, '2023-02-03', 3, 2, 1, '38', 1),
(3026, '2023-02-03', 5, 2, 1, '43', 1),
(3027, '2023-02-03', 3, 2, 1, '35', 1),
(3028, '2023-02-03', 4, 2, 1, '36', 1),
(3029, '2023-02-03', 3, 2, 1, '37', 1),
(3030, '2023-02-03', 4, 2, 1, '32', 1),
(3031, '2023-02-03', 1, 2, 1, '124', 1),
(3032, '2023-02-04', 3, 2, 1, '15', 1),
(3033, '2023-02-04', 2, 2, 1, '41', 1),
(3034, '2023-02-04', 3, 2, 1, '52', 1),
(3035, '2023-02-04', 3, 2, 1, '52', 1),
(3036, '2023-02-04', 3, 2, 1, '45', 1),
(3037, '2023-02-04', 3, 2, 1, '62', 1),
(3038, '2023-02-04', 3, 2, 1, '37', 1),
(3039, '2023-02-04', 2, 2, 1, '38', 1),
(3040, '2023-02-04', 4, 2, 1, '26', 1),
(3041, '2023-02-04', 3, 2, 1, '27', 1),
(3042, '2023-02-04', 3, 2, 1, '36', 1),
(3043, '2023-02-04', 3, 2, 1, '42', 1),
(3044, '2023-02-04', 3, 2, 1, '61', 1),
(3045, '2023-02-04', 4, 2, 1, '48', 1),
(3046, '2023-02-04', 3, 2, 1, '49', 1),
(3047, '2023-02-04', 3, 2, 1, '56', 1),
(3048, '2023-02-04', 2, 2, 1, '36', 1),
(3049, '2023-02-04', 3, 2, 1, '62', 1),
(3050, '2023-02-04', 3, 2, 1, '71', 1),
(3051, '2023-02-04', 2, 2, 1, '9', 1),
(3052, '2023-02-04', 3, 2, 1, '58', 1),
(3053, '2023-02-04', 3, 2, 1, '69', 1),
(3054, '2023-02-04', 3, 2, 1, '73', 1),
(3055, '2023-02-04', 3, 2, 1, '75', 1),
(3056, '2023-02-04', 3, 2, 1, '71', 1),
(3057, '2023-02-04', 4, 2, 1, '81', 1),
(3058, '2023-02-04', 3, 2, 1, '95', 1),
(3059, '2023-02-04', 3, 2, 1, '85', 1),
(3060, '2023-02-04', 4, 2, 1, '58', 1),
(3061, '2023-02-04', 3, 2, 1, '81', 1),
(3062, '2023-02-04', 3, 2, 1, '61', 1),
(3063, '2023-02-04', 3, 2, 1, '55', 1),
(3064, '2023-02-04', 3, 2, 1, '67', 1),
(3065, '2023-02-04', 4, 2, 1, '51', 1),
(3066, '2023-02-04', 3, 2, 1, '68', 1),
(3067, '2023-02-04', 4, 2, 1, '70', 1),
(3068, '2023-02-04', 3, 2, 1, '60', 1),
(3069, '2023-02-04', 3, 2, 1, '66', 1),
(3070, '2023-02-04', 3, 2, 1, '62', 1),
(3071, '2023-02-04', 3, 2, 1, '69', 1),
(3072, '2023-02-04', 3, 2, 1, '24', 1),
(3073, '2023-02-04', 3, 2, 1, '47', 1),
(3074, '2023-02-04', 4, 2, 1, '65', 1),
(3075, '2023-02-04', 3, 2, 1, '63', 1),
(3076, '2023-02-04', 3, 2, 1, '53', 1),
(3077, '2023-02-04', 4, 2, 1, '60', 1),
(3078, '2023-02-04', 3, 2, 1, '61', 1),
(3079, '2023-02-04', 3, 2, 1, '50', 1),
(3080, '2023-02-04', 4, 2, 1, '54', 1),
(3081, '2023-02-04', 3, 2, 1, '59', 1),
(3082, '2023-02-04', 3, 2, 1, '46', 1),
(3083, '2023-02-04', 4, 2, 1, '89', 1),
(3084, '2023-02-04', 3, 2, 1, '21', 1),
(3085, '2023-02-04', 3, 2, 1, '10', 1),
(3086, '2023-02-04', 3, 2, 1, '11', 1),
(3087, '2023-02-04', 3, 2, 1, '12', 1),
(3088, '2023-02-04', 4, 2, 1, '13', 1),
(3089, '2023-02-04', 4, 2, 1, '14', 1),
(3090, '2023-02-04', 3, 2, 1, '15', 1),
(3091, '2023-02-04', 3, 2, 1, '17', 1),
(3092, '2023-02-04', 4, 2, 1, '18', 1),
(3093, '2023-02-04', 4, 2, 1, '19', 1),
(3094, '2023-02-04', 2, 2, 1, '20', 1),
(3095, '2023-02-04', 4, 2, 1, '22', 1),
(3096, '2023-02-04', 2, 2, 1, '25', 1),
(3097, '2023-02-04', 3, 2, 1, '28', 1),
(3098, '2023-02-04', 2, 2, 1, '90', 1),
(3099, '2023-02-04', 3, 2, 1, '91', 1),
(3100, '2023-02-04', 3, 2, 1, '67', 1),
(3101, '2023-02-04', 2, 2, 1, '123', 1),
(3102, '2023-02-04', 3, 2, 1, '35', 1),
(3103, '2023-02-04', 3, 2, 1, '111', 1),
(3104, '2023-02-04', 3, 2, 1, '118', 1),
(3105, '2023-02-04', 3, 2, 1, '117', 1),
(3106, '2023-02-04', 3, 2, 1, '116', 1),
(3107, '2023-02-04', 2, 2, 1, '51', 1),
(3108, '2023-02-04', 3, 2, 1, '69', 1),
(3109, '2023-02-04', 1, 2, 1, '73', 1),
(3110, '2023-02-04', 5, 2, 1, '75', 1),
(3111, '2023-02-04', 3, 2, 1, '43', 1),
(3112, '2023-02-04', 2, 2, 1, '87', 1),
(3113, '2023-02-04', 2, 2, 1, '61', 1),
(3114, '2023-02-04', 3, 2, 1, '121', 1),
(3115, '2023-02-04', 3, 2, 1, '98', 1),
(3116, '2023-02-04', 3, 2, 1, '79', 1),
(3117, '2023-02-04', 3, 2, 1, '80', 1),
(3118, '2023-02-04', 3, 2, 1, '81', 1),
(3119, '2023-02-04', 3, 2, 1, '81', 1),
(3120, '2023-02-04', 3, 2, 1, '87', 1),
(3121, '2023-02-04', 3, 2, 1, '86', 1),
(3122, '2023-02-04', 3, 2, 1, '64', 1),
(3123, '2023-02-04', 3, 2, 1, '64', 1),
(3124, '2023-02-04', 3, 2, 1, '95', 1),
(3125, '2023-02-04', 3, 2, 1, '94', 1),
(3126, '2023-02-04', 3, 2, 1, '60', 1),
(3127, '2023-02-04', 3, 2, 1, '9', 1),
(3128, '2023-02-04', 3, 2, 1, '61', 1),
(3129, '2023-02-04', 3, 2, 1, '81', 1),
(3130, '2023-02-04', 3, 2, 1, '91', 1),
(3131, '2023-02-04', 3, 2, 1, '107', 1),
(3132, '2023-02-04', 3, 2, 1, '82', 1),
(3133, '2023-02-04', 3, 2, 1, '78', 1),
(3134, '2023-02-04', 3, 2, 1, '90', 1),
(3135, '2023-02-04', 3, 2, 1, '81', 1),
(3136, '2023-02-04', 4, 2, 1, '48', 1),
(3137, '2023-02-04', 3, 2, 1, '60', 1),
(3138, '2023-02-05', 3, 2, 1, '15', 1),
(3139, '2023-02-05', 3, 2, 1, '27', 1),
(3140, '2023-02-05', 4, 2, 1, '9', 1),
(3141, '2023-02-05', 2, 2, 1, '37', 1),
(3142, '2023-02-05', 3, 2, 1, '44', 1),
(3143, '2023-02-05', 2, 2, 1, '73', 1),
(3144, '2023-02-05', 2, 2, 1, '92', 1),
(3145, '2023-02-05', 2, 2, 1, '89', 1),
(3146, '2023-02-05', 4, 2, 1, '80', 1),
(3147, '2023-02-05', 3, 2, 1, '72', 1),
(3148, '2023-02-05', 3, 2, 1, '67', 1),
(3149, '2023-02-05', 3, 2, 1, '103', 1),
(3150, '2023-02-05', 3, 2, 1, '114', 1),
(3151, '2023-02-05', 3, 2, 1, '97', 1),
(3152, '2023-02-05', 3, 2, 1, '85', 1),
(3153, '2023-02-05', 3, 2, 1, '58', 1),
(3154, '2023-02-05', 3, 2, 1, '57', 1),
(3155, '2023-02-05', 4, 2, 1, '89', 1),
(3156, '2023-02-05', 4, 2, 1, '76', 1),
(3157, '2023-02-05', 4, 2, 1, '92', 1),
(3158, '2023-02-05', 3, 2, 1, '91', 1),
(3159, '2023-02-05', 4, 2, 1, '123', 1),
(3160, '2023-02-05', 3, 2, 1, '62', 1),
(3161, '2023-02-05', 4, 2, 1, '83', 1),
(3162, '2023-02-05', 4, 2, 1, '84', 1),
(3163, '2023-02-05', 3, 2, 1, '91', 1),
(3164, '2023-02-05', 3, 2, 1, '99', 1),
(3165, '2023-02-05', 4, 2, 1, '103', 1),
(3166, '2023-02-05', 3, 2, 1, '75', 1),
(3167, '2023-02-05', 3, 2, 1, '78', 1),
(3168, '2023-02-05', 3, 2, 1, '72', 1),
(3169, '2023-02-05', 3, 2, 1, '98', 1),
(3170, '2023-02-05', 3, 2, 1, '121', 1),
(3171, '2023-02-05', 3, 2, 1, '101', 1),
(3172, '2023-02-05', 4, 2, 1, '79', 1),
(3173, '2023-02-05', 3, 2, 1, '65', 1),
(3174, '2023-02-05', 3, 2, 1, '69', 1),
(3175, '2023-02-05', 3, 2, 1, '123', 1),
(3176, '2023-02-05', 3, 2, 1, '122', 1),
(3177, '2023-02-05', 3, 2, 1, '124', 1),
(3178, '2023-02-05', 3, 2, 1, '67', 1),
(3179, '2023-02-05', 2, 2, 1, '9', 1),
(3180, '2023-02-05', 2, 2, 1, '107', 1),
(3181, '2023-02-05', 3, 2, 1, '102', 1),
(3182, '2023-02-05', 4, 2, 1, '81', 1),
(3183, '2023-02-05', 5, 2, 1, '66', 1),
(3184, '2023-02-05', 4, 2, 1, '80', 1),
(3185, '2023-02-05', 3, 2, 1, '122', 1),
(3186, '2023-02-05', 3, 2, 1, '119', 1),
(3187, '2023-02-05', 3, 2, 1, '54', 1),
(3188, '2023-02-05', 4, 2, 1, '19', 1),
(3189, '2023-02-05', 3, 2, 1, '21', 1),
(3190, '2023-02-05', 3, 2, 1, '39', 1),
(3191, '2023-02-05', 3, 2, 1, '40', 1),
(3192, '2023-02-05', 4, 2, 1, '89', 1),
(3193, '2023-02-05', 6, 2, 1, '68', 1),
(3194, '2023-02-05', 3, 2, 1, '11', 1),
(3195, '2023-02-05', 3, 2, 1, '15', 1),
(3196, '2023-02-05', 4, 2, 1, '13', 1),
(3197, '2023-02-05', 3, 2, 1, '50', 1),
(3198, '2023-02-05', 3, 2, 1, '70', 1),
(3199, '2023-02-05', 4, 2, 1, '64', 1),
(3200, '2023-02-05', 3, 2, 1, '53', 1),
(3201, '2023-02-05', 4, 2, 1, '66', 1),
(3202, '2023-02-05', 4, 2, 1, '60', 1),
(3203, '2023-02-05', 3, 2, 1, '60', 1),
(3204, '2023-02-05', 4, 2, 1, '63', 1),
(3205, '2023-02-05', 4, 2, 1, '70', 1),
(3206, '2023-02-05', 3, 2, 1, '54', 1),
(3207, '2023-02-05', 5, 2, 1, '77', 1),
(3208, '2023-02-05', 3, 2, 1, '92', 1),
(3209, '2023-02-05', 5, 2, 1, '97', 1),
(3210, '2023-02-05', 4, 2, 1, '75', 1),
(3211, '2023-02-05', 3, 2, 1, '55', 1),
(3212, '2023-02-05', 4, 2, 1, '61', 1),
(3213, '2023-02-05', 4, 2, 1, '91', 1),
(3214, '2023-02-05', 3, 2, 1, '63', 1),
(3215, '2023-02-05', 3, 2, 1, '63', 1),
(3216, '2023-02-05', 4, 2, 1, '46', 1),
(3217, '2023-02-05', 3, 2, 1, '16', 1),
(3218, '2023-02-05', 4, 2, 1, '20', 1),
(3219, '2023-02-05', 4, 2, 1, '22', 1),
(3220, '2023-02-05', 4, 2, 1, '25', 1),
(3221, '2023-02-05', 4, 2, 1, '24', 1),
(3222, '2023-02-05', 4, 2, 1, '50', 1),
(3223, '2023-02-05', 4, 2, 1, '52', 1),
(3224, '2023-02-05', 4, 2, 1, '74', 1),
(3225, '2023-02-05', 3, 2, 1, '70', 1),
(3226, '2023-02-05', 3, 2, 1, '64', 1),
(3227, '2023-02-05', 4, 2, 1, '60', 1),
(3228, '2023-02-05', 4, 2, 1, '61', 1),
(3229, '2023-02-05', 4, 2, 1, '88', 1),
(3230, '2023-02-05', 3, 2, 1, '23', 1),
(3231, '2023-02-05', 1, 2, 1, '118', 1),
(3232, '2023-02-06', 3, 2, 1, '26', 1),
(3233, '2023-02-06', 3, 2, 1, '17', 1),
(3234, '2023-02-06', 2, 2, 1, '55', 1),
(3235, '2023-02-06', 3, 2, 1, '67', 1),
(3236, '2023-02-06', 3, 2, 1, '90', 1),
(3237, '2023-02-06', 2, 2, 1, '86', 1),
(3238, '2023-02-06', 4, 2, 1, '13', 1),
(3239, '2023-02-06', 3, 2, 1, '28', 1),
(3240, '2023-02-06', 3, 2, 1, '50', 1),
(3241, '2023-02-06', 3, 2, 1, '63', 1),
(3242, '2023-02-06', 3, 2, 1, '69', 1),
(3243, '2023-02-06', 1, 2, 1, '102', 1),
(3244, '2023-02-06', 4, 2, 1, '81', 1),
(3245, '2023-02-06', 3, 2, 1, '116', 1),
(3246, '2023-02-06', 3, 2, 1, '102', 1),
(3247, '2023-02-06', 4, 2, 1, '105', 1),
(3248, '2023-02-06', 3, 2, 1, '82', 1),
(3249, '2023-02-06', 3, 2, 1, '84', 1),
(3250, '2023-02-06', 3, 2, 1, '94', 1),
(3251, '2023-02-06', 3, 2, 1, '64', 1),
(3252, '2023-02-06', 3, 2, 1, '68', 1),
(3253, '2023-02-06', 5, 2, 1, '124', 1),
(3254, '2023-02-06', 4, 2, 1, '66', 1),
(3255, '2023-02-06', 3, 2, 1, '64', 1),
(3256, '2023-02-06', 4, 2, 1, '123', 1),
(3257, '2023-02-06', 3, 2, 1, '21', 1),
(3258, '2023-02-06', 4, 2, 1, '23', 1),
(3259, '2023-02-06', 3, 2, 1, '24', 1),
(3260, '2023-02-06', 3, 2, 1, '27', 1),
(3261, '2023-02-06', 3, 2, 1, '15', 1),
(3262, '2023-02-06', 3, 2, 1, '11', 1),
(3263, '2023-02-06', 2, 2, 1, '41', 1),
(3264, '2023-02-06', 3, 2, 1, '27', 1),
(3265, '2023-02-06', 2, 2, 1, '41', 1),
(3266, '2023-02-06', 3, 2, 1, '36', 1),
(3267, '2023-02-06', 3, 2, 1, '18', 1),
(3268, '2023-02-06', 3, 2, 1, '54', 1),
(3269, '2023-02-06', 4, 2, 1, '37', 1),
(3270, '2023-02-06', 3, 2, 1, '56', 1),
(3271, '2023-02-06', 3, 2, 1, '51', 1),
(3272, '2023-02-06', 4, 2, 1, '61', 1),
(3273, '2023-02-06', 3, 2, 1, '26', 1),
(3274, '2023-02-06', 3, 2, 1, '50', 1),
(3275, '2023-02-06', 3, 2, 1, '95', 1),
(3276, '2023-02-06', 3, 2, 1, '67', 1),
(3277, '2023-02-06', 3, 2, 1, '61', 1),
(3278, '2023-02-06', 3, 2, 1, '71', 1),
(3279, '2023-02-06', 3, 2, 1, '68', 1),
(3280, '2023-02-06', 3, 2, 1, '78', 1),
(3281, '2023-02-06', 4, 2, 1, '90', 1),
(3282, '2023-02-06', 4, 2, 1, '82', 1),
(3283, '2023-02-06', 3, 2, 1, '69', 1),
(3284, '2023-02-06', 3, 2, 1, '99', 1),
(3285, '2023-02-06', 3, 2, 1, '86', 1),
(3286, '2023-02-06', 3, 2, 1, '90', 1),
(3287, '2023-02-06', 3, 2, 1, '76', 1),
(3288, '2023-02-06', 3, 2, 1, '85', 1),
(3289, '2023-02-06', 3, 2, 1, '81', 1),
(3290, '2023-02-06', 3, 2, 1, '120', 1),
(3291, '2023-02-06', 3, 2, 1, '59', 1),
(3292, '2023-02-06', 3, 2, 1, '65', 1),
(3293, '2023-02-06', 4, 2, 1, '94', 1),
(3294, '2023-02-06', 4, 2, 1, '87', 1),
(3295, '2023-02-06', 3, 2, 1, '67', 1),
(3296, '2023-02-06', 4, 2, 1, '66', 1),
(3297, '2023-02-06', 3, 2, 1, '16', 1),
(3298, '2023-02-06', 4, 2, 1, '56', 1),
(3299, '2023-02-06', 5, 2, 1, '67', 1),
(3300, '2023-02-06', 3, 2, 1, '92', 1),
(3301, '2023-02-06', 5, 2, 1, '15', 1),
(3302, '2023-02-06', 3, 2, 1, '70', 1),
(3303, '2023-02-06', 3, 2, 1, '99', 1),
(3304, '2023-02-06', 4, 2, 1, '53', 1),
(3305, '2023-02-06', 3, 2, 1, '51', 1),
(3306, '2023-02-06', 4, 2, 1, '47', 1),
(3307, '2023-02-06', 4, 2, 1, '69', 1),
(3308, '2023-02-06', 5, 2, 1, '49', 1),
(3309, '2023-02-06', 3, 2, 1, '46', 1),
(3310, '2023-02-06', 5, 2, 1, '61', 1),
(3311, '2023-02-06', 3, 2, 1, '51', 1),
(3312, '2023-02-06', 4, 2, 1, '93', 1),
(3313, '2023-02-06', 3, 2, 1, '56', 1),
(3314, '2023-02-06', 4, 2, 1, '72', 1),
(3315, '2023-02-06', 4, 2, 1, '30', 1),
(3316, '2023-02-06', 4, 2, 1, '74', 1),
(3317, '2023-02-06', 4, 2, 1, '77', 1),
(3318, '2023-02-06', 2, 2, 1, '48', 1),
(3319, '2023-02-06', 4, 2, 1, '59', 1),
(3320, '2023-02-06', 2, 2, 1, '64', 1),
(3321, '2023-02-06', 3, 2, 1, '66', 1),
(3322, '2023-02-06', 3, 2, 1, '61', 1),
(3323, '2023-02-06', 3, 2, 1, '74', 1),
(3324, '2023-02-06', 3, 2, 1, '67', 1),
(3325, '2023-02-06', 3, 2, 1, '57', 1),
(3326, '2023-02-06', 3, 2, 1, '62', 1),
(3327, '2023-02-06', 4, 2, 1, '62', 1),
(3329, '2023-02-06', 3, 2, 1, '72', 1),
(3332, '2023-02-06', 3, 2, 1, '24', 1),
(3333, '2023-02-07', 3, 2, 1, '76', 1),
(3334, '2023-02-07', 2, 2, 1, '9', 1),
(3335, '2023-02-07', 4, 2, 1, '20', 1),
(3336, '2023-02-07', 3, 2, 1, '10', 1),
(3337, '2023-02-07', 3, 2, 1, '9', 1),
(3338, '2023-02-07', 3, 2, 1, '24', 1),
(3339, '2023-02-07', 3, 2, 1, '22', 1),
(3340, '2023-02-07', 3, 2, 1, '16', 1),
(3341, '2023-02-07', 3, 2, 1, '19', 1),
(3342, '2023-02-07', 3, 2, 1, '54', 1),
(3343, '2023-02-07', 3, 2, 1, '33', 1),
(3344, '2023-02-07', 3, 2, 1, '27', 1),
(3345, '2023-02-07', 3, 2, 1, '14', 1),
(3346, '2023-02-07', 2, 2, 1, '13', 1),
(3347, '2023-02-07', 5, 2, 1, '17', 1),
(3348, '2023-02-07', 2, 2, 1, '74', 1),
(3349, '2023-02-07', 3, 2, 1, '53', 1),
(3350, '2023-02-07', 3, 2, 1, '98', 1),
(3351, '2023-02-07', 2, 2, 1, '66', 1),
(3352, '2023-02-07', 4, 2, 1, '58', 1),
(3353, '2023-02-07', 2, 2, 1, '25', 1),
(3354, '2023-02-07', 2, 2, 1, '38', 1),
(3355, '2023-02-07', 3, 2, 1, '21', 1),
(3356, '2023-02-07', 3, 2, 1, '48', 1),
(3357, '2023-02-07', 2, 2, 1, '62', 1),
(3358, '2023-02-07', 3, 2, 1, '26', 1),
(3359, '2023-02-07', 3, 2, 1, '48', 1),
(3360, '2023-02-07', 3, 2, 1, '39', 1),
(3361, '2023-02-07', 3, 2, 1, '15', 1),
(3362, '2023-02-07', 3, 2, 1, '43', 1),
(3363, '2023-02-07', 3, 2, 1, '54', 1),
(3364, '2023-02-07', 3, 2, 1, '57', 1),
(3365, '2023-02-07', 3, 2, 1, '18', 1),
(3366, '2023-02-07', 3, 2, 1, '36', 1),
(3367, '2023-02-07', 3, 2, 1, '32', 1),
(3368, '2023-02-07', 3, 2, 1, '42', 1),
(3369, '2023-02-07', 3, 2, 1, '52', 1),
(3370, '2023-02-07', 3, 2, 1, '59', 1),
(3371, '2023-02-07', 3, 2, 1, '66', 1),
(3372, '2023-02-07', 3, 2, 1, '67', 1),
(3373, '2023-02-07', 3, 2, 1, '58', 1),
(3374, '2023-02-07', 3, 2, 1, '72', 1),
(3375, '2023-02-07', 3, 2, 1, '85', 1),
(3376, '2023-02-07', 2, 2, 1, '81', 1),
(3377, '2023-02-07', 3, 2, 1, '64', 1),
(3378, '2023-02-07', 4, 2, 1, '99', 1),
(3379, '2023-02-07', 3, 2, 1, '63', 1),
(3380, '2023-02-07', 3, 2, 1, '61', 1),
(3381, '2023-02-07', 3, 2, 1, '58', 1),
(3382, '2023-02-07', 3, 2, 1, '69', 1),
(3383, '2023-02-07', 3, 2, 1, '45', 1),
(3384, '2023-02-07', 3, 2, 1, '55', 1),
(3385, '2023-02-07', 2, 2, 1, '47', 1),
(3386, '2023-02-07', 3, 2, 1, '50', 1),
(3387, '2023-02-07', 2, 2, 1, '58', 1),
(3388, '2023-02-07', 3, 2, 1, '38', 1),
(3389, '2023-02-07', 3, 2, 1, '58', 1),
(3390, '2023-02-07', 3, 2, 1, '64', 1),
(3391, '2023-02-07', 2, 2, 1, '50', 1),
(3392, '2023-02-07', 3, 2, 1, '63', 1),
(3393, '2023-02-07', 2, 2, 1, '67', 1),
(3394, '2023-02-07', 3, 2, 1, '59', 1),
(3395, '2023-02-07', 3, 2, 1, '48', 1),
(3396, '2023-02-07', 4, 2, 1, '54', 1),
(3397, '2023-02-07', 3, 2, 1, '60', 1),
(3398, '2023-02-07', 3, 2, 1, '39', 1),
(3399, '2023-02-07', 4, 2, 1, '54', 1),
(3400, '2023-02-07', 4, 2, 1, '68', 1),
(3401, '2023-02-07', 3, 2, 1, '64', 1),
(3402, '2023-02-07', 4, 2, 1, '52', 1),
(3403, '2023-02-07', 4, 2, 1, '81', 1),
(3404, '2023-02-07', 3, 2, 1, '77', 1),
(3405, '2023-02-07', 3, 2, 1, '69', 1),
(3406, '2023-02-07', 3, 2, 1, '94', 1),
(3407, '2023-02-07', 3, 2, 1, '68', 1),
(3408, '2023-02-07', 4, 2, 1, '42', 1),
(3409, '2023-02-07', 4, 2, 1, '76', 1),
(3410, '2023-02-07', 3, 2, 1, '98', 1),
(3411, '2023-02-07', 4, 2, 1, '40', 1),
(3412, '2023-02-07', 3, 2, 1, '38', 1),
(3413, '2023-02-07', 3, 2, 1, '49', 1),
(3414, '2023-02-07', 2, 2, 1, '59', 1),
(3415, '2023-02-07', 2, 2, 1, '53', 1),
(3416, '2023-02-07', 3, 2, 1, '59', 1),
(3417, '2023-02-07', 3, 2, 1, '68', 1),
(3418, '2023-02-07', 3, 2, 1, '74', 1),
(3419, '2023-02-07', 4, 2, 1, '35', 1),
(3420, '2023-02-07', 3, 2, 1, '14', 1),
(3421, '2023-02-07', 4, 2, 1, '21', 1),
(3422, '2023-02-07', 3, 2, 1, '19', 1),
(3423, '2023-02-07', 3, 2, 1, '41', 1),
(3424, '2023-02-07', 2, 2, 1, '38', 1),
(3425, '2023-02-07', 3, 2, 1, '124', 1),
(3426, '2023-02-07', 3, 2, 1, '122', 1),
(3427, '2023-02-07', 3, 2, 1, '119', 1),
(3428, '2023-02-07', 3, 2, 1, '117', 1),
(3429, '2023-02-07', 3, 2, 1, '115', 1),
(3430, '2023-02-07', 3, 2, 1, '116', 1),
(3431, '2023-02-07', 4, 2, 1, '26', 1),
(3432, '2023-02-07', 3, 2, 1, '118', 1),
(3433, '2023-02-07', 3, 2, 1, '112', 1),
(3434, '2023-02-07', 3, 2, 1, '24', 1),
(3435, '2023-02-07', 3, 2, 1, '52', 1),
(3436, '2023-02-07', 3, 2, 1, '123', 1),
(3437, '2023-02-07', 3, 2, 1, '70', 1),
(3438, '2023-02-07', 3, 2, 1, '52', 1),
(3439, '2023-02-07', 4, 2, 1, '42', 1),
(3440, '2023-02-07', 1, 2, 1, '108', 1),
(3441, '2023-02-08', 3, 2, 1, '21', 1),
(3442, '2023-02-08', 4, 2, 1, '44', 1),
(3443, '2023-02-08', 3, 2, 1, '59', 1),
(3444, '2023-02-08', 3, 2, 1, '21', 1),
(3445, '2023-02-08', 4, 2, 1, '58', 1),
(3446, '2023-02-08', 3, 2, 1, '58', 1),
(3447, '2023-02-08', 3, 2, 1, '60', 1),
(3448, '2023-02-08', 3, 2, 1, '66', 1),
(3449, '2023-02-08', 3, 2, 1, '26', 1),
(3450, '2023-02-08', 4, 2, 1, '23', 1),
(3451, '2023-02-08', 3, 2, 1, '24', 1),
(3452, '2023-02-08', 3, 2, 1, '27', 1),
(3453, '2023-02-08', 3, 2, 1, '44', 1),
(3454, '2023-02-08', 3, 2, 1, '43', 1),
(3455, '2023-02-08', 3, 2, 1, '51', 1),
(3456, '2023-02-08', 2, 2, 1, '48', 1),
(3457, '2023-02-08', 3, 2, 1, '61', 1),
(3458, '2023-02-08', 2, 2, 1, '60', 1),
(3459, '2023-02-08', 4, 2, 1, '65', 1),
(3460, '2023-02-08', 3, 2, 1, '53', 1),
(3461, '2023-02-08', 3, 2, 1, '51', 1),
(3462, '2023-02-08', 2, 2, 1, '56', 1),
(3463, '2023-02-08', 3, 2, 1, '64', 1),
(3464, '2023-02-08', 4, 2, 1, '66', 1),
(3465, '2023-02-08', 4, 2, 1, '49', 1),
(3466, '2023-02-08', 3, 2, 1, '73', 1),
(3467, '2023-02-08', 3, 2, 1, '60', 1),
(3468, '2023-02-08', 4, 2, 1, '64', 1),
(3469, '2023-02-08', 3, 2, 1, '50', 1),
(3470, '2023-02-08', 4, 2, 1, '66', 1),
(3471, '2023-02-08', 3, 2, 1, '64', 1),
(3472, '2023-02-08', 3, 2, 1, '51', 1),
(3473, '2023-02-08', 3, 2, 1, '63', 1),
(3474, '2023-02-08', 3, 2, 1, '62', 1),
(3475, '2023-02-08', 4, 2, 1, '44', 1),
(3476, '2023-02-08', 3, 2, 1, '52', 1),
(3477, '2023-02-08', 3, 2, 1, '70', 1),
(3478, '2023-02-08', 3, 2, 1, '69', 1),
(3479, '2023-02-08', 4, 2, 1, '51', 1),
(3480, '2023-02-08', 3, 2, 1, '54', 1),
(3481, '2023-02-08', 4, 2, 1, '45', 1),
(3482, '2023-02-08', 3, 2, 1, '52', 1),
(3483, '2023-02-08', 4, 2, 1, '84', 1),
(3484, '2023-02-08', 3, 2, 1, '61', 1),
(3485, '2023-02-08', 4, 2, 1, '71', 1),
(3486, '2023-02-08', 3, 2, 1, '43', 1),
(3487, '2023-02-08', 4, 2, 1, '52', 1),
(3488, '2023-02-08', 3, 2, 1, '9', 1),
(3489, '2023-02-08', 3, 2, 1, '62', 1),
(3490, '2023-02-08', 4, 2, 1, '46', 1),
(3491, '2023-02-08', 3, 2, 1, '47', 1),
(3492, '2023-02-08', 4, 2, 1, '37', 1),
(3493, '2023-02-08', 3, 2, 1, '62', 1),
(3494, '2023-02-08', 3, 2, 1, '40', 1),
(3495, '2023-02-08', 4, 2, 1, '83', 1),
(3496, '2023-02-08', 3, 2, 1, '72', 1),
(3497, '2023-02-08', 3, 2, 1, '22', 1),
(3498, '2023-02-08', 3, 2, 1, '108', 1),
(3499, '2023-02-08', 3, 2, 1, '75', 1),
(3500, '2023-02-08', 4, 2, 1, '104', 1),
(3501, '2023-02-08', 3, 2, 1, '15', 1),
(3502, '2023-02-08', 3, 2, 1, '74', 1),
(3503, '2023-02-08', 4, 2, 1, '71', 1),
(3504, '2023-02-08', 4, 2, 1, '88', 1),
(3505, '2023-02-08', 5, 2, 1, '25', 1),
(3506, '2023-02-08', 3, 2, 1, '48', 1),
(3507, '2023-02-08', 4, 2, 1, '61', 1),
(3508, '2023-02-08', 3, 2, 1, '20', 1),
(3509, '2023-02-08', 3, 2, 1, '13', 1),
(3510, '2023-02-08', 4, 2, 1, '32', 1),
(3511, '2023-02-08', 3, 2, 1, '93', 1),
(3512, '2023-02-08', 4, 2, 1, '112', 1),
(3513, '2023-02-08', 3, 2, 1, '26', 1),
(3514, '2023-02-08', 4, 2, 1, '95', 1),
(3515, '2023-02-08', 3, 2, 1, '94', 1),
(3516, '2023-02-08', 3, 2, 1, '24', 1),
(3517, '2023-02-08', 3, 2, 1, '52', 1),
(3518, '2023-02-08', 4, 2, 1, '97', 1),
(3519, '2023-02-08', 3, 2, 1, '100', 1),
(3520, '2023-02-08', 3, 2, 1, '124', 1),
(3521, '2023-02-08', 4, 2, 1, '115', 1),
(3522, '2023-02-08', 3, 2, 1, '118', 1),
(3523, '2023-02-08', 3, 2, 1, '52', 1),
(3524, '2023-02-08', 3, 2, 1, '114', 1),
(3525, '2023-02-08', 4, 2, 1, '123', 1),
(3526, '2023-02-08', 3, 2, 1, '67', 1),
(3527, '2023-02-08', 4, 2, 1, '111', 1),
(3528, '2023-02-08', 3, 2, 1, '103', 1),
(3529, '2023-02-08', 3, 2, 1, '107', 1),
(3530, '2023-02-08', 4, 2, 1, '96', 1),
(3531, '2023-02-08', 3, 2, 1, '111', 1),
(3532, '2023-02-08', 4, 2, 1, '97', 1),
(3533, '2023-02-08', 4, 2, 1, '95', 1),
(3534, '2023-02-08', 4, 2, 1, '117', 1),
(3535, '2023-02-08', 3, 2, 1, '10', 1),
(3536, '2023-02-08', 3, 2, 1, '11', 1),
(3537, '2023-02-08', 1, 2, 1, '14', 1),
(3538, '2023-02-08', 3, 2, 1, '17', 1),
(3539, '2023-02-08', 2, 2, 1, '113', 1),
(3540, '2023-02-08', 1, 2, 1, '119', 1);

-- --------------------------------------------------------

--
-- Table structure for table `stok`
--

CREATE TABLE `stok` (
  `id` int(11) NOT NULL,
  `jenis` varchar(200) NOT NULL,
  `stok` int(11) NOT NULL,
  `setting` int(11) NOT NULL
) ENGINE=InnoDB DEFAULT CHARSET=latin1;

--
-- Dumping data for table `stok`
--

INSERT INTO `stok` (`id`, `jenis`, `stok`, `setting`) VALUES
(1, 'Air', 5948, 19),
(2, 'Galon', 94, 0);

-- --------------------------------------------------------

--
-- Table structure for table `suplier`
--

CREATE TABLE `suplier` (
  `id` int(11) NOT NULL,
  `nama` varchar(200) NOT NULL,
  `alamat` varchar(200) NOT NULL,
  `telp` varchar(200) NOT NULL
) ENGINE=InnoDB DEFAULT CHARSET=latin1;

--
-- Dumping data for table `suplier`
--

INSERT INTO `suplier` (`id`, `nama`, `alamat`, `telp`) VALUES
(1, 'Waiseri', 'Waiseri, Passo', '082288648722'),
(3, 'CV Galon Sejahtera', 'Jawa', '09123123'),
(4, 'Bak Penampung AIDIL', 'Tanah Rata Samping Hotel Santika', '-');

-- --------------------------------------------------------

--
-- Table structure for table `user`
--

CREATE TABLE `user` (
  `id_user` int(11) NOT NULL,
  `nama` varchar(200) NOT NULL,
  `username` varchar(200) NOT NULL,
  `password` varchar(200) NOT NULL,
  `level` varchar(200) NOT NULL
) ENGINE=InnoDB DEFAULT CHARSET=latin1;

--
-- Dumping data for table `user`
--

INSERT INTO `user` (`id_user`, `nama`, `username`, `password`, `level`) VALUES
(1, 'Admin Aidil', 'admin', '21232f297a57a5a743894a0e4a801fc3', 'Admin'),
(4, 'Kasir', 'kasir', 'c7911af3adbd12a035b289556d96470a', 'Kasir');

--
-- Indexes for dumped tables
--

--
-- Indexes for table `air_masuk`
--
ALTER TABLE `air_masuk`
  ADD PRIMARY KEY (`id_masuk`);

--
-- Indexes for table `galon`
--
ALTER TABLE `galon`
  ADD PRIMARY KEY (`id_galon`);

--
-- Indexes for table `galon_masuk`
--
ALTER TABLE `galon_masuk`
  ADD PRIMARY KEY (`id_masuk`);

--
-- Indexes for table `konsumen`
--
ALTER TABLE `konsumen`
  ADD PRIMARY KEY (`id`);

--
-- Indexes for table `pengeluaran`
--
ALTER TABLE `pengeluaran`
  ADD PRIMARY KEY (`id_pengeluaran`);

--
-- Indexes for table `penjualan`
--
ALTER TABLE `penjualan`
  ADD PRIMARY KEY (`id_penjualan`);

--
-- Indexes for table `stok`
--
ALTER TABLE `stok`
  ADD PRIMARY KEY (`id`);

--
-- Indexes for table `suplier`
--
ALTER TABLE `suplier`
  ADD PRIMARY KEY (`id`);

--
-- Indexes for table `user`
--
ALTER TABLE `user`
  ADD PRIMARY KEY (`id_user`);

--
-- AUTO_INCREMENT for dumped tables
--

--
-- AUTO_INCREMENT for table `air_masuk`
--
ALTER TABLE `air_masuk`
  MODIFY `id_masuk` int(11) NOT NULL AUTO_INCREMENT, AUTO_INCREMENT=6;

--
-- AUTO_INCREMENT for table `galon`
--
ALTER TABLE `galon`
  MODIFY `id_galon` int(11) NOT NULL AUTO_INCREMENT, AUTO_INCREMENT=9;

--
-- AUTO_INCREMENT for table `galon_masuk`
--
ALTER TABLE `galon_masuk`
  MODIFY `id_masuk` int(11) NOT NULL AUTO_INCREMENT, AUTO_INCREMENT=49;

--
-- AUTO_INCREMENT for table `konsumen`
--
ALTER TABLE `konsumen`
  MODIFY `id` int(11) NOT NULL AUTO_INCREMENT, AUTO_INCREMENT=125;

--
-- AUTO_INCREMENT for table `pengeluaran`
--
ALTER TABLE `pengeluaran`
  MODIFY `id_pengeluaran` int(11) NOT NULL AUTO_INCREMENT, AUTO_INCREMENT=134;

--
-- AUTO_INCREMENT for table `penjualan`
--
ALTER TABLE `penjualan`
  MODIFY `id_penjualan` int(11) NOT NULL AUTO_INCREMENT, AUTO_INCREMENT=3549;

--
-- AUTO_INCREMENT for table `stok`
--
ALTER TABLE `stok`
  MODIFY `id` int(11) NOT NULL AUTO_INCREMENT, AUTO_INCREMENT=5;

--
-- AUTO_INCREMENT for table `suplier`
--
ALTER TABLE `suplier`
  MODIFY `id` int(11) NOT NULL AUTO_INCREMENT, AUTO_INCREMENT=5;

--
-- AUTO_INCREMENT for table `user`
--
ALTER TABLE `user`
  MODIFY `id_user` int(11) NOT NULL AUTO_INCREMENT, AUTO_INCREMENT=5;
COMMIT;

/*!40101 SET CHARACTER_SET_CLIENT=@OLD_CHARACTER_SET_CLIENT */;
/*!40101 SET CHARACTER_SET_RESULTS=@OLD_CHARACTER_SET_RESULTS */;
/*!40101 SET COLLATION_CONNECTION=@OLD_COLLATION_CONNECTION */;
